id,idiom
O9zpQ,堅定不移
1nScwQ,隨時隨地
KlFjj,全力以赴
1hXaOi,豐富多彩
1pjCBT,餘波未平
1co8mq,脫穎而出
Q4Mf7,實事求是
IBs8T,一如既往
16t4Na,眾所周知
IFY6T,一年一度
Nrry1,因地制宜
LJ7pc,千方百計
SSYoc,息息相關
Qo11B,層出不窮
ROYWu,引人注目
15dhXO,當務之急
12N0i2,濫用職權
1134Th,深入人心
1gN9we,解放思想
1h4Mgf,見義勇為
Wntn1,敲詐勒索
LKssH,名不虛傳
JeEH1,來之不易
LNncj,名副其實
JnnY8,下落不明
Ohzaj,堅持不懈
11Txj9,源源不斷
1alDhQ,絡繹不絕
SKY6Y,弄虛作假
IwXou,不可思議
IVLUb,不正之風
QtxLj,小心翼翼
1niEvf,長治久安
Ply9w,如火如荼
IMbjr,不折不扣
Tnn2L,後顧之憂
1azeY6,紙醉金迷
LjBql,力所能及
JhQkx,供不應求
J8YxV,一目瞭然
1piefQ,顯而易見
TXdUM,持之以恆
TwYAu,成千上萬
PzA3H,大街小巷
M1P0t,可想而知
Q7nCP,安居樂業
1stQMy,齊心協力
Siy15,得天獨厚
Ju7n5,一見鍾情
1ddXeo,艱苦奮鬥
KzXrz,全心全意
141ciT,獨一無二
JhxQo,不約而同
1aXMPG,緊鑼密鼓
JDR0l,五花八門
IJDD9,一應俱全
UuxSw,應運而生
1cLVKr,與眾不同
1hc7cq,觸目驚心
Rn15o,屢見不鮮
13pRrb,無獨有偶
1fw6L9,行之有效
JajkD,不知不覺
OCUcv,大勢所趨
LyGU2,千家萬戶
SEGUm,心有餘悸
IKGOd,不得而知
L8uc1,前所未有
1jHemW,迫不及待
1nyj0P,雪上加霜
1jSmcv,迫在眉睫
10I32E,此起彼伏
1cRJ74,腳踏實地
Te2xH,意想不到
1mnqfL,錯綜複雜
12Qa2H,無可厚非
12wkFu,源遠流長
1c3GRg,舉一反三
SqOhU,循序漸進
JDvPO,不遺餘力
JvCr5,不言而喻
1gyuMr,討價還價
11lg9e,深惡痛絕
IqNuH,三位一體
U7Nzw,截然不同
1gQWqX,記憶猶新
Nur5g,喜聞樂見
Q5UL0,家喻戶曉
VYzb4,日新月異
Muubb,取而代之
1d43j5,莫名其妙
LN4Wo,名列前茅
UEcMQ,排憂解難
M0Yhh,各式各樣
14tLBH,玩忽職守
KaWpw,任重道遠
PpWFg,奮發有為
1ddSt8,舉足輕重
10n7xJ,比比皆是
LLSbv,卓有成效
1drREn,落地生根
LfNa8,勢在必行
Mi7pf,史無前例
14I4JM,理所當然
1bHgB2,耳熟能詳
1519Uo,由來已久
ISDQ7,一模一樣
MAkiY,厲行節約
T7MvL,惡性循環
1mdebV,鋌而走險
1c56fC,舉世矚目
KJ1LO,再接再厲
1itCbh,足不出戶
1b9DG2,翻天覆地
1nUj6S,非同尋常
UiADX,挨家挨戶
JkPRh,不翼而飛
LQ5aS,參差不齊
10DPl1,水漲船高
10RlQF,沸沸揚揚
KUp1Q,先發制人
1jIECt,軒然大波
O7ot2,土生土長
KBdKo,出人意料
1alwIa,統籌兼顧
VTjT2,明察暗訪
KIQLh,刻不容緩
1fHxtc,融為一體
13vyM4,煥然一新
K2kk1,以身作則
12AmuL,潛移默化
1oD3so,風口浪尖
WEcEX,有條不紊
107mym,歸根結底
165cI8,發揚光大
VQCAh,旗幟鮮明
1dQndg,萬無一失
MI3S8,可見一斑
JrUED,一視同仁
178EpH,相輔相成
11vGVP,淋漓盡致
1bLcj5,耳目一新
IqpY3,不了了之
13Fxwg,熱火朝天
WTP3u,有目共睹
Jqr3A,久而久之
1h6vwh,視而不見
1ci6Q2,自強不息
JqPBH,以權謀私
1arEA5,繼往開來
1hlDla,讚不絕口
1aKiRU,義不容辭
Xzn7K,未雨綢繆
JjwOo,一舉一動
1a459R,繩之以法
167axF,盡如人意
WxkT7,有所作為
QPpea,對症下藥
LF4eP,出謀劃策
OzlPg,四面八方
1pIK8L,首當其衝
1p4SHq,馬不停蹄
Is3R0,不以為然
SRJsg,必由之路
TzJE3,所作所為
JyKdX,一蹴而就
JoxcQ,人滿為患
1knrQf,身體力行
19RXEu,精益求精
IwX0s,不可忽視
ODrwe,大吃一驚
18R3yk,竭盡全力
UDDsX,拭目以待
12YxV5,無家可歸
N0H1J,哭笑不得
1lFraE,鋪張浪費
JaXMM,不知所措
SdHnn,座無虛席
LETQ3,可乘之機
158sQ1,琳瑯滿目
UoVPK,捲土重來
1lzDya,鋪天蓋地
1559Yy,理直氣壯
1oxkFv,面目全非
TstHG,憂心忡忡
NPha7,在所難免
13OdFI,燃眉之急
NNY1u,圖文並茂
Jh1Gy,不絕於耳
117nRw,津津樂道
VmB6n,數以萬計
18T2au,立竿見影
1il3hm,議論紛紛
1ctd9D,與日俱增
1gSaue,衣食住行
19u4U8,精心設計
Sv63k,急功近利
1qMQt3,鮮為人知
XqJld,根深蒂固
LyGQp,博大精深
OYe3W,大有可為
1kzGdt,轟轟烈烈
1pL1Um,驚心動魄
IrvQT,不亦樂乎
JeabP,何去何從
14OkAx,獨立自主
147XTx,率先垂範
16ib8J,相得益彰
LE7iM,取信於民
1aYuNk,耐人尋味
LXniG,別開生面
10zMLz,水洩不通
UmhC0,接二連三
13EVf1,無能為力
1nzl2a,難以為繼
1nmIxe,陷入僵局
T4pwt,感同身受
JarKm,不知去向
LrweK,匪夷所思
1czBxs,背道而馳
1nzNbq,難以置信
UjUc4,拳打腳踢
IIbRo,一帆風順
UiXoJ,掉以輕心
WkOmK,暢所欲言
1aRhjh,習以為常
12b2qx,漏洞百出
RsD11,年久失修
KAKQW,出乎意料
JjSTi,一脈相承
YRBFI,毫不動搖
159zcR,當之無愧
1bQpXJ,肆無忌憚
QjhPG,寥寥無幾
1paH7I,順藤摸瓜
KYJyg,助人為樂
10sPlS,歡聚一堂
11vrlt,淚流滿面
VtLN9,接踵而至
171fc4,直言不諱
1bn3MI,義無反顧
KVyAC,力不從心
1k7kHO,遍地開花
TaYDi,慕名而來
1aheEp,紛至沓來
1cXPS3,興致勃勃
Qex2R,家常便飯
UG2Ck,措手不及
Sv1Qs,心急如焚
IFFSa,一席之地
XgTno,栩栩如生
174ohw,眼花繚亂
1nAyje,雪中送炭
S5jLr,得不償失
QujJT,安然無恙
1149B0,深入淺出
1ce53d,自始至終
VcMEC,捉襟見肘
TTvIy,拒之門外
X78sV,望而卻步
1tnmuA,默默無聞
1oQg6F,順理成章
1orDzt,難能可貴
KFX4O,來龍去脈
JwHr0,不謀而合
11BF1X,清清楚楚
ONaLh,如出一轍
UIxqT,提心吊膽
SQj27,徇私舞弊
J1WMG,一無所知
1mv2q0,鍥而不捨
L8TEx,別有用心
OT2qk,大打出手
MDWpf,同舟共濟
1nRFfH,雨後春筍
Kkrxu,兢兢業業
10pIDH,泣不成聲
12Kwvn,無人問津
TKuzS,應有盡有
RPhLo,引以為戒
16i5bq,異軍突起
1jPY6j,通俗易懂
111mdR,波瀾壯闊
12Qhcj,無可奈何
105QzR,歸根到底
MlLYp,品學兼優
MuYvR,司空見慣
URry1,推波助瀾
S8CRz,微乎其微
16lnCL,相提並論
WJR1I,束手無策
Jsuag,信以為真
10fDM8,死灰復燃
1cwY1H,苦不堪言
13oqLc,爭分奪秒
1nNyH4,集思廣益
1fuSAx,蠻不講理
1c5kHn,自力更生
WU4Vk,有的放矢
Ot3UV,嚴陣以待
RQ8X7,建功立業
J3fOn,人山人海
11OrFa,潰不成軍
Os8ho,國計民生
RtbnF,年事已高
1acCLT,綠水青山
Lvzia,半壁江山
10aQ0f,求同存異
1fAALR,蛛絲馬跡
1rsHvK,魚龍混雜
VnfOw,撲朔迷離
13DBSi,熙熙攘攘
IKr4j,一技之長
P4Wxq,大江南北
QD0g1,屈指可數
JvmmX,交相輝映
Kiiov,公之於眾
IKRrA,一拍即合
1amn3l,絮絮叨叨
JeBLx,一絲不苟
160D9N,相依為命
SavTB,微不足道
OY4iQ,大有作為
1de6gU,良莠不齊
IUlFA,令人矚目
1jJjnl,迎刃而解
SjYBa,從天而降
IxeF1,不合時宜
15uTkJ,現身說法
MkLoM,受益匪淺
WIDKi,新陳代謝
1bhtyO,聲勢浩大
1r5EQ5,高高在上
M3n8B,合情合理
1kQhGI,量力而行
IuL91,不切實際
1m1lXS,針鋒相對
1ixQRj,責無旁貸
1quEe2,高瞻遠矚
LpzCr,千千萬萬
WnnyO,明目張膽
1l3WfN,連鎖反應
1khFYi,適得其反
VHmSX,搖身一變
1k74wI,躍躍欲試
1bXvxs,聚精會神
TKIR1,承前啟後
WXKiY,杯水車薪
JfzI1,一網打盡
1nKJKd,開花結果
Tuhl1,慷慨解囊
19n4FH,素不相識
1l36Im,重建家園
1nhewx,長此以往
12RdI7,無可爭辯
Xj2vp,格格不入
1entgh,蔚然成風
15rvjp,生機勃勃
MFdbw,吃苦耐勞
WO4hE,昏迷不醒
1kYXpy,金字招牌
Pizyn,大相逕庭
OO3k3,堂而皇之
P9JQA,如數家珍
WyYqi,更新換代
13nPB8,爭先恐後
12drUC,濃墨重彩
ODI0l,大刀闊斧
1pMQ9I,驚慌失措
TDxPc,所剩無幾
1pX2rD,高官厚祿
IHoMD,一心一意
JlJAU,井然有序
IVCtF,一波三折
T6Fqp,形跡可疑
12NPGz,炙手可熱
1jVloE,身臨其境
JL5pU,二話不說
11MCQS,流連忘返
13Dlkj,熱淚盈眶
1m8QGs,銷聲匿跡
U05XX,打擊報復
16fkF5,盡心盡力
IrhXG,一以貫之
T6BaJ,恍然大悟
1aCjsG,置之不理
1k90VG,輕而易舉
IOeLX,人來人往
1o41Cz,青山綠水
1ttSOQ,齊頭並進
JfcxB,一籌莫展
16FCUp,百花齊放
LS7Et,各執一詞
Smq35,志同道合
1aeMxk,絞盡腦汁
1phipT,首屈一指
107CH7,水到渠成
14kkAU,物美價廉
17diWQ,眾說紛紜
MDKEO,各自為政
1i02yo,語重心長
SvsYW,德才兼備
Yl5uf,樂此不疲
Wox3h,方興未艾
K2gVz,五顏六色
12PzQy,無動於衷
1luHYz,錦上添花
1dlvRj,荒淫無度
VBsy9,推陳出新
X9JmD,暢通無阻
14uzqs,獨樹一幟
165vFp,省吃儉用
13lYNr,無濟於事
SKGUN,情不自禁
Jz6zW,不足為奇
SOwLf,忍無可忍
P8qLJ,埋頭苦幹
1rjog1,鬱鬱蔥蔥
IMgH2,事半功倍
J9iOf,不省人事
LS2Jr,分門別類
KKnxP,別出心裁
W5SJK,明明白白
13oO2T,熱情洋溢
OQpRO,大張旗鼓
1nab5S,防不勝防
1qP9w1,驚魂未定
170RYN,矇混過關
1mtoAp,錯落有致
JOO0p,一點一滴
Kh4cE,入不敷出
Uuihd,我行我素
11kfzr,深思熟慮
1iudxw,趨之若鶩
133Fkf,無微不至
11OsYy,溢於言表
1jEuze,車水馬龍
M2Mam,同心同德
138JqB,無所適從
1hJh2O,變本加厲
OCdpw,壯士斷腕
1nMs6N,雄心勃勃
ShrmT,嶄露頭角
KktLr,以點帶面
PQv6R,學以致用
Sc0SF,心中有數
JhW28,五湖四海
QunOO,審時度勢
IPguz,不擇手段
PF5kB,大起大落
Iw9jf,不厭其煩
JCOXC,一針見血
Orvmq,四通八達
IyLas,不可開交
W9WaU,春暖花開
Po3dQ,天經地義
Uieos,懸而未決
JscYe,一言不發
1fe345,蜂擁而至
VIxNh,揚長而去
111cFY,水落石出
PORy0,大開眼界
1jLnkG,載歌載舞
QJK9J,子虛烏有
16yEh8,瞭如指掌
109rd0,歷歷在目
SPohI,徇私枉法
1pPMug,風雲變幻
KNzzJ,公正廉潔
1cMFBG,茁壯成長
MaicW,千絲萬縷
OISIP,奮不顧身
1jDCXI,輕描淡寫
JtNAP,不解之緣
Wxd4I,有意無意
1ougYr,顧名思義
X5TYP,有聲有色
11TEyt,流離失所
1hcfh6,諸如此類
IWSc3,一清二楚
16qTmR,眾志成城
VLdYS,救死扶傷
OLdYd,夢寐以求
1kXpNn,逍遙法外
Umbzj,按捺不住
KvLDn,信誓旦旦
Ju3ep,不計其數
1av8yQ,缺一不可
1cugYB,脫胎換骨
16mxv0,真心實意
QWtWX,對簿公堂
JA66d,不辱使命
14Y2WV,狂風暴雨
VR9dJ,日復一日
175RXE,白髮蒼蒼
QVaq3,山清水秀
1nJlDM,隨心所欲
11hxxD,浩浩蕩蕩
ICXS8,不堪設想
10bvW1,歎為觀止
J988r,不由自主
OyJ05,天下第一
Q3oL2,如願以償
MTLJL,取長補短
UBOyY,所見所聞
1jNHRt,近在咫尺
Jse6n,一言一行
T3MVC,慘不忍睹
J1Wu1,一無所獲
VQPAa,既得利益
LY0CO,呼之慾出
IH2fJ,一廂情願
1t63sM,黃金時代
13EWeD,無與倫比
12L2wa,無中生有
NbQYm,啃硬骨頭
1jtPJj,轟動一時
1gQiFl,街頭巷尾
VcXKV,擲地有聲
U7BId,戛然而止
MuwbC,唸唸不忘
K3k21,偷工減料
117dpv,津津有味
WvDJe,改頭換面
VBa0s,據為己有
ODVi6,大同小異
Lrp3R,刮目相看
IVy7F,令人髮指
16FIxS,目瞪口呆
Ipt2U,三三兩兩
1nIzos,雷厲風行
1pOSpL,風雨無阻
11jK9z,江郎才盡
1bRwol,美輪美奐
1iD3l6,貨真價實
Iql1O,三令五申
MKsQ1,和睦相處
Tiwmx,感慨萬千
V9YQT,拾金不昧
NjTGd,因人而異
JfKw0,一紙空文
1on5zJ,雙管齊下
1bHukR,脫口而出
WrNB2,曾幾何時
1jKOzV,逃之夭夭
IwnJd,不可估量
SS277,心甘情願
IPmin,一朝一夕
Kb6Rl,傾家蕩產
Wg26t,有利可圖
1hzCWh,證據確鑿
1dX0Q0,萬眾一心
MzbGv,古色古香
M7Lx1,刻骨銘心
Xclr4,東窗事發
1o6xBu,開門見山
1evNsG,蒸蒸日上
1ddI9X,艱苦卓絕
TG5SP,承上啟下
Ugk84,振奮人心
1pFV6O,風起雲湧
IFnfq,亂七八糟
12kF4G,渾身解數
IJjML,一意孤行
OY1cd,大有人在
RL6Ve,年復一年
10bQOF,水土不服
1a5Ffs,絕無僅有
OMS5m,奄奄一息
15D0Wb,生生不息
TpC7o,從頭到尾
1jHDqB,迫不得已
KzbAN,公平合理
148j4V,獨善其身
SCCyQ,恰到好處
Jsmqw,一觸即發
1gPMwX,說三道四
Iw3WC,不勝枚舉
M5aMl,各抒己見
T1FJQ,意味深長
1bBCkM,聰明才智
15t0FJ,生死存亡
1gspe3,蠢蠢欲動
UXbk4,搖搖欲墜
IDYus,世外桃源
123LUb,滔滔不絕
YWVuo,欣欣向榮
11Ljs5,添磚加瓦
16gbeT,相差無幾
JkJ6U,來勢洶洶
WCxME,有朝一日
16w8Pr,疑難雜症
UoL5I,指日可待
10mGea,每況愈下
19wnDs,精打細算
16NsJU,真知灼見
1l8yoW,遙遙無期
IUjJP,代代相傳
Lm3nf,勇往直前
P9GN5,好景不長
MWunE,另闢蹊徑
WMvQU,朝氣蓬勃
1gvsEw,見怪不怪
IuwWG,一勞永逸
15Wi56,目不暇接
13CKRl,熱氣騰騰
1cvbqr,膾炙人口
136pLJ,無所事事
155Mmk,甚囂塵上
VKWTb,時不我待
TVNfQ,打成一片
IJVVG,一成不變
TIeqV,懷恨在心
1aSglA,總而言之
Vzrnq,支支吾吾
1ddEVB,艱苦創業
Iw9iL,不務正業
1jDcfB,身無分文
KJaAN,別具一格
112zVX,治病救人
QERXW,岌岌可危
1hMWtj,豐功偉績
J6UMw,他山之石
1leqNz,避重就輕
VaWQO,按部就班
TyXzw,急轉直下
JjEXA,一舉兩得
1ds40n,興高采烈
M2JIP,同心協力
JhnpB,侃侃而談
TI3Cz,惱羞成怒
OIUKV,天壤之別
M8qyy,咄咄逼人
M6yhy,千篇一律
QDW9M,寸步難行
Ne5lh,噓寒問暖
ICPQ8,不失時機
16j3W7,直截了當
165KcD,白手起家
ITM7e,人去樓空
1bA4c5,置若罔聞
174MAK,瞠目結舌
1nXdfU,長途跋涉
XgY6A,有說有笑
NBTDW,嚴於律己
1byUiR,群策群力
LTVYA,前車之鑑
IOxhz,一擁而上
108tLf,毋庸諱言
1ktlTQ,違法亂紀
OWVYX,大政方針
15AFRl,痛定思痛
1nxnWg,難上加難
Jn66z,並肩作戰
PIYPj,始終如一
VjUD5,數不勝數
NkW4a,啼笑皆非
JjqTi,不聞不問
J9eYU,不相上下
1cQGbf,自給自足
WRJ2J,有生之年
Uzv2H,打草驚蛇
Qjq7Y,守望相助
1sXIXF,鼓舞人心
IqGDc,三五成群
1n7j8F,鏗鏘有力
VtIkw,接踵而來
LmNaE,勤工儉學
1iloh1,賞心悅目
Oy5UN,夜以繼日
1iNICb,起早貪黑
SWvID,愛不釋手
UIgbK,手足無措
ItHgE,一分為二
IwFqg,不可多得
MF0pD,喜出望外
LKJeH,口口相傳
MiVC2,只爭朝夕
108a7X,氣喘吁吁
13Psy3,猝不及防
J8Jjx,不甘示弱
JE3u9,亡羊補牢
TsNOO,意氣風發
V7D0B,摩拳擦掌
MTEfq,喜怒哀樂
LB5uV,千差萬別
1lhmYE,酸甜苦辣
T0twB,惟妙惟肖
1cJl46,自相矛盾
J4pt5,中流砥柱
16LCsL,真相大白
VDGR8,早出晚歸
1atkEU,繁榮昌盛
15dR8h,異口同聲
N8A33,喜氣洋洋
OXwxF,大是大非
1djH99,自食其力
1gwk5v,言傳身教
11KuUA,浴血奮戰
KN9gS,充滿生機
PT745,大驚小怪
1jsOdw,轉危為安
1h3Nev,見縫插針
RUdhG,平易近人
LDUM5,古今中外
Tkcn2,怨聲載道
JJ5vk,人聲鼎沸
MwLWw,千里迢迢
1fzc5J,融會貫通
WmBcf,整裝待發
Sp6TG,得心應手
Q1BjJ,守土有責
16JXki,破口大罵
IxNiH,不可磨滅
10FzV0,永無止境
IT88E,令人咋舌
15062M,猶豫不決
137Fkz,火眼金睛
1g2ujo,袖手旁觀
1cDksu,苦口婆心
1jYIPV,遊刃有餘
PICBx,始終不渝
15X5tj,發家致富
1bXGHj,耿耿於懷
10XmbT,油然而生
QOjFQ,害群之馬
KCgQu,傷痕纍纍
YCEE5,權宜之計
1bq94x,背井離鄉
WtBsF,支離破碎
15UONj,皆大歡喜
OGkiA,大名鼎鼎
LJzUn,合二為一
1oEaFN,風吹草動
Jj6Wn,依依不捨
18SVMj,秋高氣爽
Vgbjs,挺身而出
Umuln,掩人耳目
P6xR1,姍姍來遲
QXEIV,實至名歸
JEqWo,事與願違
1bNsTP,翩翩起舞
MtuuB,名目繁多
1rs33B,鳳毛麟角
SJalo,忍氣吞聲
1bEYzM,耳濡目染
OzuHb,天倫之樂
IV2NS,一氣呵成
Mu2jC,千載難逢
12jALS,滿目瘡痍
OHlwg,堆積如山
J1VCV,一無所有
1kdUfg,追根溯源
19UoQb,精神抖擻
J7tn9,人心惶惶
WrqPz,朝夕相處
158SMh,當仁不讓
IrFbO,不依不饒
1hI5Hz,設身處地
LNYgb,名勝古蹟
1go7GY,血肉模糊
145Q47,焦頭爛額
13BBjV,無緣無故
WlUyW,日積月累
Wwy8l,曠日持久
Jm3cM,不脛而走
SedHx,忍俊不禁
UlKO5,成群結隊
Vu5NL,接連不斷
13wtnU,無稽之談
K2g2G,債台高築
NJBYh,因材施教
QuSCq,居安思危
TU72B,手忙腳亂
1kt3fQ,輕重緩急
TFoiw,應接不暇
16LKeP,矢志不渝
1gMgM1,觸手可及
15Ilcn,發人深省
17VoaG,破門而入
15ytOw,異曲同工
1d5l82,自言自語
SloIh,左鄰右舍
XYeeO,樂在其中
K4q4l,以身試法
1p0U8d,養家餬口
16QiVf,眾矢之的
StNwV,心平氣和
1dQ3jl,若隱若現
1asWbc,繁榮富強
1hRaeR,譁眾取寵
1arfpb,縱橫交錯
18FPX0,空穴來風
MAnzh,叫苦不迭
NmLRg,因勢利導
TwzX2,德高望重
1kpDql,輿論嘩然
WwlkK,有恃無恐
IW6j5,人命關天
106xQS,氣勢磅礴
WXMGR,曇花一現
SyyUB,息事寧人
VYhdV,日日夜夜
1eyiER,蕩然無存
108IwI,歡欣鼓舞
1pDMLe,驚天動地
1dBL1Y,艱難險阻
1oxCyc,險象環生
VkunC,數一數二
LNfEM,切身體會
IUI3o,以假亂真
1pS6Jd,風風雨雨
OMppe,天寒地凍
1kwxDG,辭舊迎新
1hX07l,負債纍纍
J1oPL,任勞任怨
1iIdDU,走投無路
JVMH0,令行禁止
1lU2RB,重蹈覆轍
13bXLu,無時無刻
THFOL,成家立業
13RaKn,炎黃子孫
LhecB,劍拔弩張
QrKvL,將心比心
OThNB,大手大腳
JtbRy,一覽無餘
12SVAY,為所欲為
MhsHs,名正言順
19mL7V,紙上談兵
RG20t,川流不息
P589K,夜深人靜
IAoCd,一天到晚
1aGoSV,美不勝收
MJK1V,善始善終
XnYrk,枝繁葉茂
Tj5Rx,意料之外
WDNXO,斬釘截鐵
1pNGai,風雲人物
P3vHY,壯烈犧牲
P15s3,大有裨益
1lFPBa,鋪平道路
1ntWF4,防微杜漸
134Ef4,無影無蹤
1cpv8w,舉手之勞
JxLzh,中西合璧
1jFCLD,走馬上任
UeAew,拍手稱快
IGc07,一年到頭
QtTCD,小心謹慎
11zLby,海納百川
JKhpx,來歷不明
10Fz9z,汗流浹背
IxAoB,七嘴八舌
WHiMU,本末倒置
NeTHU,嚎啕大哭
JJtES,不顧一切
11AI0U,混淆視聽
146DCb,熱血沸騰
Rh3IB,左右為難
1oOySe,風平浪靜
P1kIn,如履薄冰
KoxGS,先天不足
UhFQk,招搖撞騙
1h7zKi,解疑釋惑
JAwqC,不速之客
SCiMe,心服口服
WNNUm,東拼西湊
Jm6n6,一落千丈
LB06W,原原本本
12mNNL,火上澆油
QfFil,就事論事
10u2q7,沒完沒了
OrjzN,報效祖國
LBpNT,勞民傷財
MtNLc,危言聳聽
PUdin,天馬行空
141jCb,煞費苦心
1cw81i,自欺欺人
1hUlBR,諱莫如深
WfPtz,斷章取義
J3aNw,五彩繽紛
1l20O2,進退兩難
Wo71J,改過自新
IuKwh,一口咬定
SOzYK,急於求成
Nxf35,嚴懲不貸
15B4BB,疲憊不堪
1640sd,百折不撓
IEKh5,一家老小
PSNkW,大顯身手
1cuPC2,興旺發達
1p2ece,頭破血流
11H4jo,渾水摸魚
IGtEA,不容置疑
PYtNU,孜孜不倦
1mKGNX,長久之計
1bhoTS,聞名遐邇
MtYcp,千辛萬苦
Um4I6,指手畫腳
1jszen,赫赫有名
12Kr4P,滅頂之災
P5fF1,如影隨形
1pD28y,風調雨順
136tRp,無所作為
1e52f6,茶餘飯後
15tSWr,痛哭流涕
1pYbCq,高屋建瓴
1jHLFW,走馬觀花
10EFv5,步調一致
TyHXt,憨態可掬
1dFpS7,蒙在鼓裡
QIIgn,屢教不改
10WHSD,歪風邪氣
Oyya8,失之交臂
11SJBA,漫天要價
RMSqJ,平心而論
IBRvM,不在話下
1ktmIH,還本付息
Wk80u,擔驚受怕
19wF8g,約定俗成
SeCws,廉潔奉公
WuNPx,果不其然
W6tU9,晴天霹靂
102Wr4,正本清源
Jybph,不負眾望
16HeBE,瞬息萬變
IyzNu,不可踰越
1o0T6j,靠天吃飯
1hoSHC,語焉不詳
Tpyki,悲痛欲絕
N3vVb,各顯神通
LT4WL,前赴後繼
1bdlDl,翻山越嶺
1c5gWr,臨危受命
SvWjX,忐忑不安
IMs8D,不拘一格
WGgdG,有機可乘
11WBvn,漫山遍野
1hPHkB,讚歎不已
1bKgBV,而立之年
IsYFC,不假思索
IFl70,不屈不撓
12sW2M,潸然淚下
17HE2l,禮尚往來
Xx7EF,條條框框
1og7dv,靈機一動
RNYMT,引人入勝
1d9yPx,若無其事
145PQm,熟視無睹
1pfOty,駭人聽聞
1iyNGN,趨利避害
KsNaA,供過於求
IRDQM,交口稱讚
19dMGq,精力充沛
KscQg,冠冕堂皇
LN32d,分道揚鑣
1dlaE3,荷槍實彈
1bDhyL,老生常談
TtD9t,徹頭徹尾
11U1OD,活靈活現
R1z74,安身立命
1pNQ0Q,風雨同舟
11v9fb,游手好閒
SMU1q,心灰意冷
1bdOar,聳人聽聞
1aViLO,網開一面
19d1mp,精兵強將
1oToIp,電閃雷鳴
WzdzF,星羅棋布
1gTbjK,談何容易
Jgidk,三緘其口
16QHPL,眾目睽睽
11BPSa,混為一談
JlVvg,不能自拔
ORAr8,多才多藝
IXrYp,不歡而散
IJdM2,井井有條
1r4VA2,鱗次櫛比
1c1DaN,自以為是
1qb2pg,騰空而起
IwSTr,不動聲色
18I0Qq,穩紮穩打
Jxc53,似曾相識
18G8GI,空空如也
LyIRg,危在旦夕
1nSe0u,開誠布公
MbuiO,可歌可泣
MJ6nG,口誅筆伐
1l4VUD,釜底抽薪
LL7IX,口口聲聲
1c5m17,舉世聞名
KDCbz,光明正大
JFgxz,一門心思
IrEm1,不一而足
VCcGF,文山會海
TbwbU,德藝雙馨
1or7QH,顧全大局
1bv9aB,能上能下
1ddSlj,膽顫心驚
PdMFl,堅韌不拔
1iRPiE,起死回生
L4Nzg,全神貫注
10HP65,死裡逃生
JKwCJ,一馬當先
RHI1X,平安無事
Milb5,厚積薄發
13pWr0,無理取鬧
15ElwK,當機立斷
KHvWB,八方支援
11jWLY,深情厚誼
LXnDC,名存實亡
PXHrw,如釋重負
1nVKN8,雷打不動
IQDVh,一望無際
1c5Udd,與世隔絕
1mTKdt,門可羅雀
OVcof,大搖大擺
Qa1ds,將信將疑
1plSTi,饒有興趣
LbsLX,勤勤懇懇
SDpCo,心曠神怡
XwEiC,柴米油鹽
SNiWr,心照不宣
Mvedu,半途而廢
Ll6Ka,半信半疑
13NK28,無計可施
1khJYa,輕裝上陣
IAVr9,一塌糊塗
1o1vzC,震撼人心
S5Q5b,後來居上
JReG4,並駕齊驅
IQdH6,不時之需
1c6DNS,自告奮勇
WEN9G,東山再起
1mvLPa,鋃鐺入獄
1kpIiu,輕車簡從
1jSkcD,通力合作
1738kD,石沉大海
1nDHfn,隱姓埋名
Tym1O,憤憤不平
JP5op,一鼓作氣
SqVrL,心安理得
MDgtA,千頭萬緒
KEFYI,冰天雪地
PpfOS,奮發向上
Tbxz2,後起之秀
1ibX9n,謹言慎行
WVuiN,時過境遷
SOpjl,必爭之地
MqQLE,唯利是圖
RDG0Q,居高臨下
JlSqz,事無鉅細
12XThp,無孔不入
L5tsu,勢不可擋
13sxXY,煙消雲散
RulyR,席地而坐
1ilwXa,豁然開朗
1b6p4f,義憤填膺
JANr5,不進則退
1j4T50,身先士卒
ITKLs,一概而論
WlK20,敷衍了事
1qc2nK,高枕無憂
RWfxW,巧立名目
1deXPO,萬不得已
1owjoM,震耳欲聾
K92w7,今非昔比
U9YzU,拉幫結派
136PLi,無憂無慮
UwKiE,手舞足蹈
LqQg2,千呼萬喚
LOmIT,各取所需
1l9T0y,遙遙領先
X4RPp,杳無音信
16yrUD,相濡以沫
KhgQD,先入為主
Y5a19,橫七豎八
15FYvi,痛心疾首
Mt8yD,千軍萬馬
M6ROT,可有可無
LCITm,化整為零
1nyy2D,陽奉陰違
11Ehep,沉默寡言
KkClU,你追我趕
1oxCcm,順手牽羊
11K0Xa,漸入佳境
1bcRwt,聽之任之
WJ6Oi,束手就擒
SNTIt,心無旁騖
Kckl2,以防萬一
UY5NG,振聾發聵
X4VPu,杳無音訊
Tb873,情有可原
161qsq,盡力而為
UeE2r,投機取巧
Rspwu,小題大做
19PjbV,約法三章
IFqSG,不屑一顧
1c9rNn,自圓其說
JvYO0,人盡其才
1jH7Y5,迎來送往
1i6D5d,財大氣粗
SlDto,從容應對
1o0b0z,隨波逐流
WsSrn,望子成龍
1o5KD8,雞毛蒜皮
1bRY3y,肅然起敬
KyY8W,公平交易
WpFu9,束之高閣
Nr0qh,因噎廢食
12rb3W,火光衝天
MMoMf,另起爐灶
UlohO,打破常規
1q2Eec,飲食起居
1pdenp,青黃不接
1p7nrE,面面俱到
P7BO4,天涯海角
1hp2gI,語無倫次
18Ilnm,箭在弦上
WElaU,朗朗上口
VmPBQ,捨近求遠
1bL4Qd,置身事外
1p7tpp,鞠躬盡瘁
11JlMM,活蹦亂跳
IGA2x,不寒而慄
WOrJF,明辨是非
1hgPTj,言簡意賅
1rWAjs,鳥語花香
1kTGxs,避而不談
1pzIPI,頭頭是道
QvrMu,安營紮寨
1oGYSY,風塵僕僕
LnU8U,前無古人
12SvJP,無可非議
136scp,無所不能
193bVw,筋疲力盡
IpNr4,一來二去
SwLgH,張燈結綵
Ixdd3,一哄而上
J7w9z,不由分說
1nAGdg,難以預料
1kX9tB,酣暢淋漓
SDizh,帶頭作用
MuxhE,南轅北轍
1cHINY,自由自在
1pQI0q,風風火火
KvgpG,冒名頂替
JGDGp,保家衛國
RH5nM,年富力強
JiJtt,不義之財
ILyV8,事出有因
1gHJcL,見死不救
Jrp96,人煙稀少
YmzAt,模棱兩可
JWytH,人跡罕至
JPQfm,中飽私囊
IBBrz,三天兩頭
Jvt8n,一貧如洗
10Fgi9,沒日沒夜
1hjD8g,見賢思齊
TvfGy,戒備森嚴
LvzGV,千奇百怪
1szo4z,麻痺大意
12K3Xn,滿載而歸
1do7Q9,至高無上
JkTR0,一草一木
VJanc,揚長避短
MpQpb,同甘共苦
1lO9i6,銅牆鐵壁
PYxxE,孜孜以求
V89xL,抱頭痛哭
18WCa2,移風易俗
143Uzz,獨具匠心
1k6kJa,追悔莫及
JFuC7,久負盛名
1kfBDH,過意不去
KB9bG,冷嘲熱諷
10EKFy,氾濫成災
106FJD,橫衝直撞
10TczL,沾沾自喜
XemRv,有血有肉
13yBOE,爭奇鬥豔
19UjGy,精神恍惚
16pVhE,盤根錯節
PsA43,大興土木
1bwtTb,老淚縱橫
1nMGaD,雄心壯志
16xTru,瞞天過海
MWjWD,喪心病狂
15XJml,目不轉睛
16dyOH,相安無事
MSlUc,和而不同
XWKvk,樂善好施
TBqwA,快馬加鞭
J744c,人心向背
1434LX,無關緊要
KriyU,入土為安
ROOar,峰迴路轉
1bvkOR,聞所未聞
13v9XN,燙手山芋
1cVsrd,花樣百出
UcBs6,手無寸鐵
VElyS,據理力爭
Jr0Tn,不虛此行
17mYou,確有其事
12rFO1,漏網之魚
JV6NF,乘風破浪
LU8pv,出類拔萃
WIJxl,有求必應
UNsf2,挖空心思
XjM5I,暴露無遺
KlwFV,價廉物美
M1PTp,千瘡百孔
16z2TV,矢口否認
MJGvf,嗤之以鼻
W3uRW,春意盎然
LJbmF,原封不動
12QWeP,無可比擬
J75kt,三番五次
174uSu,登高望遠
Wthro,板上釘釘
WnVHm,杞人憂天
SLpPT,心滿意足
136pjQ,無所不在
1cqhs0,舉手投足
LLPT1,動盪不安
WJHG0,東張西望
JAeFj,三足鼎立
13XD7q,物歸原主
JCJQv,不遠萬里
17TLWP,空中樓閣
Rfnfr,家長裡短
1k5k6N,通宵達旦
INg5u,一擲千金
1gtXF5,言之鑿鑿
V1klI,揮汗如雨
PAFjR,天衣無縫
Jajyk,不知何故
Q7h6n,如魚得水
Kdkbt,僧多粥少
Jrw6l,互相推諉
Wka2k,本來面目
K7yb2,來者不拒
YBfGU,欣喜若狂
Nb41V,嘔心瀝血
1a3A3y,精耕細作
11rIrk,汗馬功勞
18vIes,稍縱即逝
1l16tq,遠見卓識
MuPnt,千鈞一髮
IQRKl,不攻自破
PpnrN,奮發圖強
1kJjH2,運籌帷幄
Mg7uI,同歸於盡
1bvtTc,聲情並茂
NqkbX,喜笑顏開
Qn9eH,就地取材
1hHIP9,談笑風生
IQum0,一本正經
U2Err,按兵不動
168AiC,真刀真槍
X1yah,春風化雨
Pq9H9,天羅地網
VDPCb,摩肩接踵
1oEVVa,飛來橫禍
1bUxTm,胸有成竹
1cVO2l,花樣翻新
Jx720,依山傍水
1fu18R,虎視眈眈
1dfgXJ,萬事大吉
1esTJC,萎靡不振
144e2a,獨佔鰲頭
LW3hL,古往今來
UtsLW,捨己救人
10lKmz,欲罷不能
Wz5ia,敲鑼打鼓
185CAs,窮凶極惡
Mv0gm,化險為夷
ORejP,大快朵頤
Jmz4p,休戚與共
16oAbJ,相映成趣
UatVI,按圖索驥
Isl7L,不偏不倚
197o6Q,穿針引線
1lcFxJ,過關斬將
1o6z6l,閉門造車
1kYL4c,迎頭趕上
LunFG,入鄉隨俗
IARNt,不堪一擊
11T4RF,滿心歡喜
N18zN,嘖嘖稱奇
XgNUz,有識之士
LegtT,出爾反爾
Prz53,如痴如醉
PqEYL,天翻地覆
10ct5z,毀於一旦
1oxdI1,隻言片語
IOSby,仁人志士
ISSqr,不期而遇
15G0Mf,疲於奔命
VUN3z,放眼世界
PUOby,妙趣橫生
1068nN,氣勢洶洶
P6NPA,大海撈針
JwDNs,似是而非
Rt4oc,差強人意
MYoBo,含辛茹苦
1pu6so,風華正茂
1j2U5i,貪贓枉法
TXSFS,招兵買馬
UJbqt,披荊斬棘
1pQdv0,風雨飄搖
10AdDj,殫精竭慮
164hkI,盡善盡美
1jAOJr,躍然紙上
1iPHl3,豪言壯語
IVE6N,以偏概全
KR6vB,前功盡棄
1laLNb,重操舊業
1h1D5t,詩情畫意
MDKrY,各自為戰
1rksfl,鬼鬼祟祟
UwPAC,捫心自問
15iTTI,用心良苦
SKdPa,恰如其分
19AUCQ,經久不息
Lwmiq,千姿百態
YRH5u,步履蹣跚
KkFMS,休養生息
1pO7rt,風靡一時
IPWvV,不明不白
1lt0JI,重男輕女
MMcEj,唇槍舌劍
QGzIE,家破人亡
WtjcW,東倒西歪
1gqTU0,行色匆匆
LlAhX,十全十美
M4pVr,包羅萬象
IwTlr,不勞而獲
162tNk,百感交集
JSQd8,互通有無
NVyXu,國泰民安
1hfyD4,西裝革履
15YyHh,百年不遇
TLH9i,扶危濟困
N2CCa,和衷共濟
1a9bTJ,紋絲不動
JbOJR,人才輩出
1dzvM8,艱難困苦
YR6Ex,步履維艱
IQPfh,付之一炬
16yNup,眾望所歸
IoI3P,一乾二淨
JvTuE,一走了之
1a17IM,紅白喜事
LJYsY,同仇敵愾
1a7INE,粗製濫造
QVeL7,崇山峻嶺
Npkzp,回味無窮
JAdyL,不近人情
15tqdo,生死未卜
WdEFz,敬而遠之
JgEhg,不緊不慢
LWGRO,勵精圖治
172vhA,知法犯法
1oqyPz,顛倒黑白
1n6rJc,門庭若市
KG50D,兩敗俱傷
1o6fnG,開闊眼界
Mh6gD,勞逸結合
Td92O,心血來潮
12UQX0,潔身自好
16sKgI,盛況空前
1aK910,美其名曰
L3QmS,動之以情
LIU07,十有八九
Kga57,偷樑換柱
KuzDr,傳為佳話
13FYPn,灰頭土臉
19Vcm6,精神矍鑠
JMYeF,信手拈來
K4GNL,偃旗息鼓
Pcy7A,大獲全勝
TY8Mv,患難與共
QjK13,守株待兔
LrUVu,全軍覆沒
SyG4O,忙忙碌碌
18tsaD,笑容滿面
114vIq,浮想聯翩
TtnDx,慷慨激昂
Q7G9g,安家落戶
16nD8O,真情實感
ShaVa,形影不離
11gIV5,湖光山色
MKchH,問心無愧
1n4PoH,長年累月
J2dWF,乍暖還寒
Pm6bq,多管閒事
SV7Vq,後繼有人
1k6J8V,躊躇滿志
1bTDOk,背水一戰
OE0jJ,天南海北
1dnn6C,花花綠綠
JvcfE,一語道破
URKWy,撥亂反正
1cRs7w,苦心經營
1oKkS3,霧裡看花
18cETp,科班出身
UrMMm,振振有詞
1bJF0E,聲淚俱下
16fYo5,看家本領
JBLrJ,不辭而別
Wmaio,敷衍塞責
Jx1Ap,一蹶不振
VeXCA,放任自流
1nGkOr,隻字不提
1j1jzr,趁熱打鐵
XAdvq,東躲西藏
15mnx3,痛不欲生
1oDzDE,風和日麗
1ethoq,萬里長城
1kK1fq,週而復始
IIkoo,一往無前
MCreY,名聲在外
IHhxp,乘勝追擊
1pAeE1,驚嘆不已
13jC42,煞有介事
11OBFp,溫文爾雅
Pr3TW,奪眶而出
KC0eC,內憂外患
JCzq9,一錘定音
UYSgr,操之過急
OqwkS,嚴重錯誤
OIABV,填海造地
SMmgA,心潮澎湃
1aYcja,翻來覆去
VRf5h,斤斤計較
MumBI,吉祥如意
17SDzn,積勞成疾
162hVX,甜言蜜語
11FHph,漠不關心
PrUeh,大聲疾呼
1ny124,雜亂無章
1nUGU1,長足進展
1c55wV,臨危不懼
PPs8I,奮起直追
1onrhQ,頂天立地
JPn4R,一鳴驚人
J8iDE,一盤散沙
1kQHgE,道聽途說
Jenf9,不管不顧
1htm0r,言行一致
KkzxJ,兩全其美
JWumP,以訛傳訛
X289L,是非曲直
P65tz,如意算盤
1dnmu5,興風作浪
J5wFq,一生一世
1oDanr,風吹日曬
Izupt,一塵不染
1c63jD,膽大妄為
15WRjT,百家爭鳴
LVzHR,功虧一簣
KUSUv,前因後果
JiCnM,不置可否
Rqrmo,富麗堂皇
QsEHT,專心致志
1kaFmz,輕舉妄動
JeA5B,一絲一毫
1oTi8C,顧此失彼
VutzL,於事無補
19eFn0,粉墨登場
Mpw3J,千變萬化
1lNaB8,重見天日
13j6TI,無法無天
PMbss,大錯特錯
1p9qdX,顆粒無收
Is2Kd,不以為意
OjArj,坐立不安
1ducy0,花言巧語
TyyKc,心驚膽顫
LfqGF,勢均力敵
10kd0z,氣急敗壞
15xXpV,留有餘地
YjtXJ,標新立異
107SD4,步步為營
192IUt,積重難返
MGxzi,喃喃自語
1gRXA6,表面文章
ICAwK,一字一句
1kbqft,遊山玩水
1cs37V,自暴自棄
1o4nRS,靠山吃山
WvMkH,有心無力
IIVXr,不得人心
O5noV,囤積居奇
J8MqT,一知半解
1aUVfx,絢麗多彩
WoCfC,明知故犯
1cBRpA,花團錦簇
Tt1wh,情真意切
1nL4pB,靈丹妙藥
11d2EM,毛骨悚然
LIEuK,名不副實
11LHrN,渾然一體
StcXE,左顧右盼
YLCmx,歡天喜地
L8wyP,前所未見
Kr7hB,像模像樣
120Abi,海闊天空
LGJte,受制於人
UAkMO,扼腕嘆息
14GOng,獨當一面
TyvsJ,心驚肉跳
LT1ux,危機四伏
PitQY,如法炮製
SjiY2,彬彬有禮
15se7K,異想天開
12EJxd,源頭活水
JB2xn,不遠千里
NSqtw,固步自封
12xlDx,為人師表
SC2Dc,彌留之際
P9Hj5,如日中天
14aXzt,物盡其用
JsS3L,一語中的
OQjem,大快人心
RnSMC,屢試不爽
1oFypX,面紅耳赤
1kjkVD,迥然不同
1oBe3g,難言之隱
11ktAP,涇渭分明
P72LV,大浪淘沙
It5AO,三六九等
1dYxr8,華而不實
TDxvA,扣人心弦
OJHDA,大失所望
17hhRN,破爛不堪
Iwu0o,不可告人
1qk8Ne,駕輕就熟
TvLdU,心領神會
JG1ol,你死我活
Jr153,一衣帶水
TKOGG,戀戀不捨
1ljORj,遍體鱗傷
Sne3g,忽冷忽熱
18u7QX,神采奕奕
1bJ5xQ,翻箱倒櫃
Jes2B,乾淨利落
14qecC,獨斷專行
1eKGr5,處心積慮
KDJ0i,切中要害
YcCld,樸實無華
N02Vw,和藹可親
NKcJJ,地廣人稀
SpI5n,後悔莫及
JBvDA,乘虛而入
Nl7s4,四分五裂
1cNAP3,英姿颯爽
WqS7c,望塵莫及
1nBSkV,陰差陽錯
1i5eHy,謙虛謹慎
KDvGk,出其不意
1fKlux,虎頭蛇尾
1fXLKu,蜻蜓點水
UEytG,抽絲剝繭
KUk30,分崩離析
LzuSY,千山萬水
Jvk6R,並行不悖
PLW68,奔走相告
WjT0d,有問必答
1n9TGh,鐵證如山
1m8Rjo,量體裁衣
14Og61,狂轟濫炸
QyikU,完璧歸趙
12QhxC,無可奉告
Iwsmt,不可動搖
1jRTBR,軟硬兼施
164z10,疏而不漏
T27S7,悶悶不樂
SpmBp,急中生智
16br0W,監守自盜
SvBkS,心心相印
IPICa,人傑地靈
1j2owg,身不由己
IBflE,不堪回首
15QcVN,生老病死
UqYqG,捷報頻傳
17yykL,破舊不堪
19nciB,粗心大意
1n3zzO,開宗明義
15padu,瓢潑大雨
SXdau,感人肺腑
IWbaD,任人唯親
Tavhv,惴惴不安
10dvRe,沁人心脾
1gD9Yt,言外之意
W5CYq,昏昏欲睡
13zT8H,無精打采
IuRWR,不出所料
1gO4WI,行雲流水
JbC8d,一窮二白
137MMF,無所畏懼
KD8jz,出人頭地
1391u8,無所顧忌
Lwqyw,切膚之痛
1ixut9,赤子之心
OC67J,大功告成
UjLxG,拍案叫絕
Va3MY,揚眉吐氣
1cdisr,舉國上下
Tg5u7,得過且過
1iYQRy,趁火打劫
13dr5k,烏煙瘴氣
1geFSP,見仁見智
QBpOa,寸步不離
1ozXX3,風光旖旎
Wj9kn,有口皆碑
M1spn,各得其所
J85bO,不痛不癢
12DTPW,濟濟一堂
1klRce,返璞歸真
IKLoq,不慌不忙
L3iwV,利慾熏心
UxHYd,才華橫溢
VTmv4,既成事實
12GxSV,為國捐軀
SAbUs,平起平坐
183Cgl,稱心如意
M9C7L,各有千秋
LODQ1,叱咤風雲
Jb0yc,不知所終
1cuAm0,胡說八道
Iv0AB,一反常態
1oEgwn,雁過拔毛
10qDFq,毅然決然
TWszE,打抱不平
1pyXEm,頤養天年
T1H52,怦然心動
NigzU,呼風喚雨
1aYfQ2,繪聲繪色
13NwxR,無言以對
1k6HiM,適可而止
11GiFX,漫不經心
1devXD,艱苦樸素
1oK1Ig,隱隱約約
1lxhJY,金碧輝煌
KWyCO,先睹為快
LimMC,功成名就
1hxPqg,言談舉止
1cu7R4,聞風而動
VeOdo,掩耳盜鈴
Qgb9m,家徒四壁
YaDTy,槍林彈雨
PJYCv,如虎添翼
K6Kjt,價值連城
1gh472,見勢不妙
IVyYA,以儆傚尤
IsgMT,不倫不類
1jqwyl,身敗名裂
10u277,波光粼粼
WqNR7,旁若無人
1kpp4O,輕車熟路
19EmIA,節衣縮食
1rUBNx,默不作聲
1cdgKL,肝膽相照
16ftiz,盡心竭力
Ky92o,兼容並蓄
1367NU,無懈可擊
1fLORW,行家裡手
S3hxS,延年益壽
1gV6NH,誇大其詞
KGGAV,傷筋動骨
1iNleG,跋山涉水
KM8Qv,前仆後繼
VnFNA,攻城略地
1jdwiM,負隅頑抗
Vtyrw,捕風捉影
1iq23d,越俎代庖
VmO5z,文人墨客
OPlwY,好吃懶做
17nNO4,禍不單行
1deW5Y,萬事俱備
1p041p,頭痛醫頭
1dYKb8,莫衷一是
138iv8,無拘無束
13qSDt,牢不可破
U7wJO,指名道姓
O8N3m,堅如磐石
1dA2H9,艱難曲折
INbaY,人云亦云
TEFEg,懸崖勒馬
1oJ2LC,雨過天晴
JkeGB,一舉成名
1hBAOt,變幻莫測
1c5f6m,與人為善
12Av1R,激濁揚清
13JYDa,燈火輝煌
Oada2,堅定意志
KoNHh,光天化日
J7veJ,人心所向
JGM3f,七零八落
1l9XC3,重新做人
12178T,滄海桑田
IST3K,令人作嘔
1pNBdb,風雨交加
Si0ts,心力衰竭
NCC42,回心轉意
X8jT8,望而生畏
15VG4S,畏罪潛逃
J27b2,一無是處
1oOAPd,養兒防老
LDQ3E,出言不遜
KE8J1,光明磊落
TSpEl,慘絕人寰
LOT8e,化為烏有
1dur46,萬家燈火
14jj5I,煽風點火
Lkdnb,力挽狂瀾
1etUxt,蕩氣迴腸
1juh4M,赤身裸體
1h8v1E,誠心誠意
16Y7do,矯枉過正
P63uF,大氣磅礴
LRzGW,名噪一時
1ehiTK,蒼白無力
172Mov,相親相愛
17R3wV,神清氣爽
PSQTy,妙語連珠
Tn2os,慌慌張張
PP2m2,姹紫嫣紅
LRvCj,吞吞吐吐
1gpWlR,見多識廣
PEszm,如臨大敵
WfmIb,有備無患
160Co6,百廢待興
PP0GB,大雨傾盆
15j9eV,獨闢蹊徑
1ctKQf,胡言亂語
JSNlW,催人淚下
183zO5,積少成多
SfXRw,心力交瘁
IFsKY,一己之私
KKvOf,初出茅廬
OJaMz,大大咧咧
11M2lu,渾然天成
16oba3,真心誠意
LmonU,南來北往
OIUa0,多如牛毛
SvOKY,心急火燎
1oTMYd,顛沛流離
1kkkrp,逆水行舟
T2q1N,慌不擇路
16HjTW,發號施令
TN9wh,投其所好
VgwA3,故伎重演
13lrwn,照本宣科
1beWuT,繞道而行
18yKmu,移花接木
IP9qV,人人自危
KpYr3,共商國是
N7yI0,單槍匹馬
NCXaG,在天之靈
1bkbKN,聲嘶力竭
P23ty,多此一舉
1qJDq4,魚目混珠
1bbRfC,老實巴交
1dfQFi,舟車勞頓
17OXcw,稀奇古怪
IB1ie,不堪入目
TA9nF,愁眉不展
15YVWm,百年大計
19Qj5s,細枝末節
JbILv,一竅不通
1ef8yA,落荒而逃
MJ8FY,和盤托出
1aGpFS,美中不足
J7HeK,不甘寂寞
14UcAn,狹路相逢
1pdFvG,飲水思源
1axOuH,綽綽有餘
U9shd,戰火紛飛
LPvJH,名利雙收
Ss4Mj,思前想後
OPybv,大庭廣眾
19PSvo,精疲力竭
IOME1,人人皆知
JU1d3,人贓俱獲
S5S9S,幸災樂禍
LkppT,兩袖清風
19FnhG,答非所問
19eTjM,簡明扼要
IpXm0,一事無成
16iDuJ,相形見絀
V2hYt,擇優錄取
1q5VKM,驚濤駭浪
1siUhp,麻木不仁
1hcQ0k,觥籌交錯
USqCs,捨生忘死
PiADU,壽終正寢
UNsv5,拔苗助長
1nB732,除惡務盡
1pTbk3,風馳電掣
PGgzs,妄自菲薄
YTBWz,毫不諱言
1cHFMv,自生自滅
WDQGm,有板有眼
1im0ua,議論風生
Ix0Se,不可抗拒
QzQhS,孤立無援
10NJuz,沆瀣一氣
MFJY6,喋喋不休
Mvrov,唸唸有詞
S3NGI,弄巧成拙
JTAnF,人財兩空
ISkAh,亭台樓閣
1gw43m,親密無間
1azsjA,終身大事
NU4yF,堅不可摧
PtflC,天花亂墜
1oERAu,風吹雨打
1583Lj,異乎尋常
MnU7F,千言萬語
JgRns,亦步亦趨
Tt0Tu,懲前毖後
UyCYD,扶老攜幼
VqAfu,攻守同盟
1711mt,白雪皚皚
L5rQg,充耳不聞
1oh4E0,青梅竹馬
Qi0l6,安於現狀
JAJgx,一針一線
OKnOz,大好河山
JaL4F,人才濟濟
MIENK,咎由自取
1ceJYb,自學成才
1pISTo,高人一等
1eGQYW,藏污納垢
JrEf0,上行下效
LFjtQ,口乾舌燥
13XJlK,燈紅酒綠
1ny7aI,難以企及
1cz1zR,能說會道
TETpk,所向披靡
UkJfp,招架不住
1d53YQ,自覺自願
MV0cI,嗷嗷待哺
17U3fX,砸鍋賣鐵
LOQs4,厚德載物
1nqamA,閃爍其詞
18suTm,神通廣大
LBzFN,取之不盡
1pSu8X,風餐露宿
PRbGj,大風大浪
19WShP,細水長流
MBj8b,喜上眉梢
JjL6r,了然於胸
LBHbo,判若兩人
1oftkd,關門大吉
12pqJT,火冒三丈
11LGnD,渾然不覺
1btIoW,胡作非為
1gBP4Q,街談巷議
SD0pU,年逾古稀
19Rjcg,篳路藍縷
1c0UQn,自作主張
1kY1t9,過街老鼠
ODdNu,天南地北
Ov9h6,坑蒙拐騙
13jMkB,無源之水
1pIllm,高不可攀
1lDOam,酒足飯飽
N1c30,嘖嘖稱讚
SlCk2,怒不可遏
1oHtxU,頭暈目眩
PO8bM,夕陽西下
10yOXl,殘缺不全
SEryh,引經據典
1gcqio,見不得人
1dlMsR,花花公子
1q5Yj3,飲鴆止渴
12REPu,濫竽充數
Wj6GU,有名無實
JwJmD,五穀豐登
YPbnk,榮辱與共
1cYeuU,若有所思
1ezwnn,號啕大哭
Ort5a,坐而論道
16phYH,真才實學
13TPIg,無足輕重
1nvlBy,雅俗共賞
VlxTu,擁政愛民
11blSX,淚如雨下
SU3JL,怒氣衝衝
144zHj,獨到之處
IqPK4,下不為例
IWbo9,任人唯賢
Ri6Vh,左右逢源
PqcPr,如獲至寶
1i24sL,論資排輩
12MR1X,無傷大雅
10Wpas,泥沙俱下
T7Rd5,感天動地
10xlDe,欲言又止
IIWIF,事不關己
1a31xW,精美絕倫
1gCmCd,衣衫襤褸
INfdg,一掃而空
UwDF8,排山倒海
JeLrw,九牛一毛
13HCoO,灰飛煙滅
Iyfqw,一團和氣
UENHK,推心置腹
1qnlJy,鬼斧神工
10cNqC,永垂不朽
13y9uI,無窮無盡
OvBwB,墨守成規
1pK7SW,驚弓之鳥
111DvK,波濤洶湧
Qjzj1,孤注一擲
1g2CmI,血流如注
112WC3,毛遂自薦
OCFID,大動干戈
102vXH,水乳交融
1aTFCh,繁花似錦
JmqWs,人浮於事
1n2zah,開天闢地
IMpT5,不成方圓
X9x1z,柳暗花明
1pAjeH,飢腸轆轆
TApjF,手下留情
1hn7TX,謹小慎微
1kzhNf,過猶不及
Pr5sc,大肆宣傳
1gFsp7,蠅頭小利
MxKYc,口耳相傳
16fQfs,眾口難調
Xg3Na,暈頭轉向
1isU90,走南闖北
IxBan,不可理喻
10PuBH,殊途同歸
18SaLd,竊竊私語
LpeyL,其貌不揚
11cOAv,求賢若渴
1fdYue,蜂擁而上
14JHpu,獲益匪淺
UYh3x,搖旗吶喊
MaaYQ,各有所長
J7U3b,人情世故
Ms0K4,半身不遂
18qws7,秘而不宣
KTmxr,借題發揮
Wfj0X,朝令夕改
VuS5o,改弦更張
SAKWt,怨天尤人
TdtPi,循規蹈矩
QcoQk,家家戶戶
16rqBQ,當頭一棒
MiJpQ,哄堂大笑
K8j9s,傳宗接代
QKieF,完美無缺
1lhgJY,金榜題名
1sB5Gn,黯然失色
VfyUQ,救亡圖存
1eL4TB,虛張聲勢
MyUD9,博采眾長
Uj8SO,招搖過市
PqgxE,大而化之
IIKOt,事倍功半
Ix6tW,不可收拾
Tu4EU,心靈手巧
T0cpw,愚公移山
10BNCS,水深火熱
INcno,一掃而光
12Mvna,無依無靠
1d73Hz,花甲之年
IHC7k,一念之差
VcNnV,拋頭露面
UKYR3,打退堂鼓
JyW57,以牙還牙
KEj9s,兩手空空
Ljp34,剛正不阿
Mzl4k,啞口無言
1iUJMq,賓至如歸
TgMo4,忙裡偷閒
15IjCj,發人深思
136p2u,無所不包
Jjf61,一臂之力
1h0DnO,裹足不前
15HtHz,百事可樂
17MAFl,知難而退
17Cg4e,神情恍惚
JtwAa,三言兩語
Sbkyg,心不在焉
1oGagd,隔靴搔癢
WmsIh,昭然若揭
1cfdYD,肺腑之言
TcKv0,惺惺相惜
Sl0WE,從容不迫
1nnRUN,鐵面無私
TfG09,悲歡離合
R2qLI,山珍海味
QUHrJ,孤軍奮戰
11gLTC,深山老林
WDnEx,東奔西跑
WtskU,文質彬彬
1oWVFv,頂禮膜拜
JezCk,一絲不掛
1oYjES,頭疼腦熱
OymWw,天下為公
1gbhu7,裡應外合
Js61i,一見如故
1jEPhi,路見不平
Pim5M,大發雷霆
13ToN1,狼吞虎嚥
P3sBP,執迷不悟
S4mzO,待人接物
10RDi6,洗心革面
MrQOY,同病相憐
IXcmd,不治之症
18wm4p,神采飛揚
1gTlXn,衣食父母
UxjhK,捨我其誰
1hC7cT,言過其實
JYfwI,低級趣味
13UIeN,爛熟於心
LjbOW,勢如破竹
Mk6gu,反目成仇
16LwXS,知己知彼
MHV2S,咬牙切齒
JzgYC,以理服人
PT3iV,大驚失色
1abHcP,紛紛揚揚
1ezMmA,萬馬奔騰
1iGBrj,赤手空拳
15v8xb,生死關頭
1oaYW4,韜光養晦
TrwmH,意氣用事
RW8W6,廢寢忘食
1jRWCF,身經百戰
KF18l,分內之事
1sF86c,點睛之筆
11GLBh,滿口答應
SWD9y,怒火中燒
19P0Bm,素未謀面
1ps1YO,風聲鶴唳
1cOuGQ,自立門戶
KvOAB,光彩奪目
15nTWK,病入膏肓
11zah0,滿不在乎
TC2Ff,愁眉苦臉
16TRA6,百里挑一
WgHnV,有利有弊
Jtbho,一覽無遺
OIBdC,多多益善
W5F6e,昏昏沉沉
OUudY,好大喜功
Q9Kp6,妻離子散
RmdQP,巧奪天工
PWAYW,守口如瓶
OVhRg,如坐針氈
Sr7aS,循循善誘
RW7pm,張冠李戴
13En9z,無聲無息
SY37W,患得患失
VgXrC,政出多門
TiUxJ,悠然自得
1c2GoX,自作聰明
LSpeL,受寵若驚
NIOiD,唇齒相依
QhEOv,嬌生慣養
S2Bzg,平淡無奇
Kkfbv,八仙過海
ILm5o,五光十色
1c5T6m,與世長辭
10D4fQ,正襟危坐
15VTbH,盡人皆知
1apFNR,繁文縟節
MmFb7,吹毛求疵
WgUrk,暗度陳倉
KurDD,克己奉公
1kdcA1,遮天蔽日
OCAz7,大千世界
KBdcV,倒行逆施
NB0vf,因循守舊
JGJFI,一面之詞
1257zA,滴水不漏
WB438,暴漲暴跌
1okjfE,非此即彼
1dgDRh,萬人空巷
KIqm6,兼收並蓄
IwBoc,不同凡響
15tqDo,生死攸關
OcPYF,垂涎欲滴
16uxqj,瞻前顧後
VdBkN,推而廣之
1cnvYF,自投羅網
1r33hP,高風亮節
U4Y6w,扶搖直上
RxLcJ,平分秋色
Jtuzp,一諾千金
1d1KFF,自行其是
1oKwKC,顧慮重重
18nzyy,窗明几淨
1noRXK,開源節流
NauGz,唉聲嘆氣
1kOndP,量入為出
1os3Ov,隨行就市
JKjvm,一飛衝天
NwXkd,因小失大
1efpIG,落葉歸根
Lot7d,分秒必爭
1p8Nv5,面面相覷
QFMTn,屢戰屢敗
11qAwN,深更半夜
NxD1h,坐以待斃
1haNmM,視若無睹
RIK6e,巍然屹立
19pMEe,節節敗退
1tbOpw,鼓足幹勁
1seOvQ,鴉雀無聲
IMV2H,亭亭玉立
JavOm,以小見大
13T2wi,焦躁不安
LAS1P,去偽存真
16z1UO,短兵相接
14UH0u,琴棋書畫
1cl6A0,興師動眾
LuKum,千夫所指
1pPfg7,風雲突變
Q428m,如飢似渴
WJcvG,有氣無力
T0elh,廣開言路
QkvA4,威風凜凜
1nOtOi,露出馬腳
15YvRh,百年之後
Ock5N,四腳朝天
1ggVT6,見利忘義
V6t3p,捧腹大笑
IvgAo,不勝其煩
Lhief,出生入死
JmgbP,休戚相關
LWPR9,各就各位
13SQex,爐火純青
11bBpS,淺嘗輒止
1jjMeb,身強力壯
JCWoi,五臟六腑
1iaqhk,貪官污吏
17QOcU,破釜沉舟
PTz1G,好逸惡勞
1b4gXi,罪有應得
SBEGY,年輕力壯
IwNoq,三十而立
1cwxXu,舉棋不定
1rhUti,鬱鬱寡歡
1a8IiQ,糾纏不清
N41BY,吞雲吐霧
VL1Pe,明哲保身
UBQe8,拋磚引玉
1nFV9k,雙喜臨門
Pnfyb,大紅大紫
YD3be,歷久彌堅
XafKw,有苦難言
WXqrk,望眼欲穿
Vlxpv,捷足先登
L1Hm4,出於無奈
1pgWwV,鞭長莫及
RNF2O,平心靜氣
MJjdT,含苞待放
OV4Pr,如夢初醒
1hhKGs,謝天謝地
17OOCh,稱兄道弟
1p9UQQ,馬到成功
1qkHdF,骨瘦如柴
1kudis,輾轉反側
Mxgrc,千錘百煉
VWcrX,春寒料峭
YVBSo,歸心似箭
15KEOl,痛改前非
OAcgn,四面楚歌
16fBTD,生離死別
1czPt1,良師益友
RwJkS,己所不欲
SVtsB,後繼無人
1eXiOP,蓬頭垢面
NHrYM,土崩瓦解
1s8XB9,鼎力相助
NMJSz,在所不惜
LOKe7,化為泡影
Ipvhn,上下一心
YMRwl,殺人滅口
JohTq,不苟言笑
OWhMD,垂頭喪氣
16Ooun,眼疾手快
Lzycw,勿施於人
112HP9,海市蜃樓
Q89Jv,好高騖遠
JbYS8,一笑了之
10c6D4,氣壯山河
1nUiqK,非同小可
19qCCL,笑逐顏開
13OwJK,為非作歹
1h6OiF,言猶在耳
1qPvn3,高談闊論
19Mjlh,素昧平生
15xKKq,由淺入深
1hFvLD,諱疾忌醫
16UYtl,知易行難
Jzb21,信口開河
Lymcv,十字路口
WYueM,旗鼓相當
1gHH1L,裝聾作啞
KU9Xo,分庭抗禮
1nu0ly,門當戶對
MeJUw,劈頭蓋臉
143Ken,獨具一格
12MGR9,無價之寶
ToGLB,忍辱負重
WmRhr,政通人和
MJGa8,唾手可得
NFqOG,喬裝打扮
R1FRM,崢嶸歲月
PosGg,天網恢恢
1pYPhO,高山流水
1hmWoR,言聽計從
1nyOx6,難以挽回
1ol5pP,非比尋常
JjAEf,不聲不響
VKMIR,春光明媚
1cMF7N,自私自利
JWtSe,付諸東流
SNX6J,心煩意亂
ShDV3,快人快語
16AOC8,畫龍點睛
1bJjCb,胡思亂想
10TkHc,歪門邪道
SqHAw,引火燒身
18KRq2,竭澤而漁
SLdnL,弱肉強食
R2h2x,寸草不生
WivKc,明爭暗鬥
18epnL,私相授受
O6img,堂堂正正
10u17m,治國安邦
Mhq38,同流合污
X1hlW,暢行無阻
19cdN9,立足之地
KLtfr,凶多吉少
INCVG,一文不值
1k3zX2,逐字逐句
1elMVE,萬象更新
1iFNYh,費盡心機
1mFnCj,鎩羽而歸
Jz73Q,不足為怪
S7pkp,從中漁利
TcDgy,微言大義
17lUDe,眉飛色舞
KNRXp,做賊心虛
1kF5j4,連綿不斷
LtEuT,匹夫有責
1lb2CD,重於泰山
1gJA8h,視死如歸
ILT2s,不懷好意
KHs6h,入木三分
SeHMc,忘乎所以
Up62e,掃地出門
1c3tkE,老調重彈
ULpvI,授業解惑
JjNmq,一股腦兒
OvMg4,多事之秋
16KHWz,短小精悍
17B4Nb,碌碌無為
15rsyv,痴人說夢
WfWqJ,擅離職守
142Lxz,無關痛癢
LjEvv,劫後餘生
U9rR8,抑揚頓挫
IyRqs,不可限量
Uh1Jx,掌上明珠
PyPWF,大處著眼
RHVzv,巋然不動
10Ehuz,水漫金山
14pIkY,牽腸掛肚
15YMIM,登峰造極
RYOXL,度日如年
10UffU,浩如煙海
OBOXF,大公無私
L8C3X,別有洞天
1hnLyv,變化多端
1oo6Q3,霸王別姬
Qi0hg,字正腔圓
OXhYt,天旋地轉
S4jyg,後事之師
1nuYEL,防患未然
J7kxc,九死一生
1pugHH,驚世駭俗
VclvQ,放下包袱
1ehbg7,藥到病除
WtE9G,曲徑通幽
MrhWv,半路出家
1do5Ks,芸芸眾生
MEkyt,反覆推敲
16p8jy,生龍活虎
15Rf40,登堂入室
JJJpK,一馬平川
1jPpKq,踉踉蹌蹌
117CJ2,民辦公助
PORSi,大難不死
IRjej,一本萬利
Sx8HJ,心悅誠服
K4vXa,人間天堂
1l3LfW,野心勃勃
1qdmqa,鬥志昂揚
JIAfn,假公濟私
JK9Kt,一飲而盡
WFnyR,春華秋實
Spb60,後患無窮
142W3q,獨來獨往
IwmCl,不可偏廢
1nLnyd,陽春白雪
VME2Q,旁徵博引
IGdI4,一年半載
1oSfhM,飢寒交迫
YvCJT,欺上瞞下
1qk7z7,騎虎難下
1gjtSI,裝模作樣
1cN9Bu,舉目無親
VFRJQ,揮金如土
16pczz,畏首畏尾
12VePJ,無地自容
Ucwvk,投桃報李
LOilT,原形畢露
17tAl5,眼高手低
VEDsp,斷壁殘垣
OA6T6,天之驕子
10s673,欲蓋彌彰
XGrk0,棟樑之才
1byN7F,肆意妄為
SWpyM,強詞奪理
JIKsn,仁者見仁
IrA4v,不二法門
UxY3B,損人利己
M29Na,厚此薄彼
Ksuta,內外交困
K6evR,以鄰為壑
1lAOyj,鄭重其事
15bOvU,生存技能
KyNQm,光怪陸離
T87Ey,惡意中傷
OxfRr,天上人間
1adJ1M,精誠團結
OHmYc,夙夜在公
1676Cf,盜墓筆記
1hDPRT,訪貧問苦
WRVLj,有生力量
1kDkuJ,過目不忘
NIJhu,喧賓奪主
15BFDA,病從口入
TK1Hb,懵懵懂懂
1cLokK,舊病復發
126NDI,深謀遠慮
1cCS6c,花好月圓
JaWlf,不知所云
K4QWL,交頭接耳
LlRhz,出神入化
RXnQ8,強加於人
X1V82,春風得意
1oC55u,頤指氣使
1oo5wl,陳詞濫調
WDnCW,東奔西走
18bd8B,窮困潦倒
Iwgxv,不可一世
17hKhQ,神乎其神
UUWA8,撫今追昔
1nN9il,長袖善舞
1gBLV5,表裡如一
Q5xea,寅吃卯糧
Khhgk,例行公事
Q6j5s,寒冬臘月
L9tbD,刨根問底
1ciDzg,自得其樂
U8PL0,捏一把汗
L4sKC,六神無主
1kdzkv,躲躲閃閃
LuTOf,半夜三更
Lbx2H,冷眼旁觀
LDGHz,勃然大怒
L6rWU,先聲奪人
IYMxn,人多勢眾
PNSmD,天長地久
KCECB,先斬後奏
LkKKO,力排眾議
19bUIp,窮途末路
Y1EP0,機不可失
1bpYVy,聽天由命
UNYSH,戒驕戒躁
SmBGS,得寸進尺
1ddbm2,草木皆兵
1pDXWq,養老送終
16diLq,眾口一詞
ToGei,從長計議
SpNLG,得意之作
KLfcd,前事不忘
1gNqif,說一不二
NteI3,回天乏術
1oHuYW,頭暈眼花
NFc3T,地大物博
TTmtK,慎終追遠
18srSP,笑容可掬
LgThr,功德無量
1f5t2X,虛無縹緲
Q9725,官官相護
NyF46,四平八穩
WRJil,有生以來
NqCSR,善罷甘休
1nvwvR,開疆拓土
WgK7t,有則改之
1lNlb9,金蟬脫殼
PATb1,大言不慚
PhXPQ,天真爛漫
R9Sg2,山窮水盡
1jrDEK,軟弱無力
1iMp2l,豐衣足食
1dnO4X,荒無人煙
Ywltw,概莫能外
TT1Jw,愛莫能助
Tj6zB,憂國憂民
M6K1U,咄咄怪事
15i41f,璀璨奪目
XmO5h,暴風驟雨
1gRcDM,說來說去
TwdJ0,感激不盡
1gNdjt,血雨腥風
OTX0J,始作俑者
SxxaG,張牙舞爪
Nloq9,喪盡天良
X7vN9,望聞問切
OUPwx,夏日炎炎
1c0a9C,自不待言
Re904,崇洋媚外
1nvR52,陞官發財
SbWBC,平白無故
KyEoQ,兼容并包
SVVza,心神不寧
ItTpd,不冷不熱
LDK5J,勉為其難
VKbUY,日夜兼程
1kEBwT,連篇累牘
1arXUo,縱橫捭闔
Ud3v5,扶正祛邪
UEYTE,捨本逐末
1ieUA8,貪得無厭
11gqMB,深居簡出
11IHoH,渾渾噩噩
MotUA,另眼相看
1lIu6V,酩酊大醉
10sUQR,沽名釣譽
MEMMU,反覆無常
1s8hBy,鶴立雞群
1047In,求之不得
16sluw,當頭棒喝
10KrC5,比翼齊飛
1q6wgn,飛黃騰達
15XIST,百尺竿頭
Ta4VA,惶恐不安
17MAGa,知難而進
LIzTA,口出狂言
1147Fd,殺雞取卵
1fdYAs,蜂擁而來
MkBup,哭哭啼啼
16nDNG,盛極一時
1hbNJO,誤打誤撞
PmfEx,婀娜多姿
10g3wP,氣定神閒
YJXo3,死去活來
19U7AF,經年累月
1stSi2,齊心合力
MBlTM,合縱連橫
1bWRMv,耳聞目睹
1pcb86,馳名中外
QyGos,嫌貧愛富
QVFFc,寧缺毋濫
SkVsL,心嚮往之
SdWql,心事重重
IRIgO,付之東流
Sx6aj,恨之入骨
RSpD4,弱不禁風
SDMlS,悔不當初
1qbn0e,高朋滿座
1bz29f,老無所依
1jmKtc,身懷六甲
17Bpth,知足常樂
16UOz7,睡眼惺忪
MfKOh,古為今用
1tsMhS,鼻青臉腫
1htix1,言行不一
1azwGQ,綠草如茵
VSvyi,搖頭晃腦
QWNO6,崎嶇不平
LKjfK,各個擊破
1nzoNn,長篇大論
1dhcr6,落井下石
109oXB,步步高陞
MJA3l,各行其是
1oHPWI,順水推舟
LxWV3,匠心獨運
IGFsn,亂作一團
TrhY7,從頭至尾
RtaRC,左思右想
1sGu4p,點石成金
1ccJB3,群龍無首
1kIUXG,近親繁殖
LYpSU,命中注定
1puff1,風花雪月
INMXg,一敗塗地
11zv59,混淆是非
1nL2XN,雍容華貴
KEgAj,刀光劍影
105WVr,死於非命
PQ31h,大雨滂沱
12L2Re,無以復加
16lynA,百無聊賴
ViJnp,改名換姓
19PSep,精疲力盡
1hNCie,誇誇其談
P3ELf,大權在握
Jgoh8,一線生機
YLJEB,正大光明
1o8qpP,長驅直入
T2fKQ,怡然自得
KHKtA,利令智昏
ObNvo,垂涎三尺
18NIGY,節外生枝
T6KHD,情投意合
1sC9SG,黯然神傷
1oGjUG,顯山露水
1tI3lN,龍鳳呈祥
1gOfNt,衣錦還鄉
VBHru,政教合一
KFw1Q,兵戎相見
Isrkz,上傳下達
Mclzp,吹拉彈唱
110B97,深仇大恨
1biYJN,聲名狼藉
1hXKoj,財務主管
O2eXU,嚴絲合縫
JJAaT,仗義執言
JTUPJ,依然如故
1g1NIK,血氣方剛
QVMXS,對答如流
LlWvd,勤學苦練
JmnQu,來去自由
1o25W2,雕樑畫棟
PtM61,婦孺皆知
1dhTsW,舉重若輕
175UfD,知無不言
S7MgI,待價而沽
1gslmD,言之有物
1biF0t,義正詞嚴
1kUGd0,迷途知返
1hozOU,變化無常
OF9CG,大喝一聲
1qBVu1,高聳入雲
IwAAz,一呼百應
1k7oA3,逢山開路
1kUPFq,退避三舍
Jf2Y2,人文薈萃
1cwLj6,苦中作樂
SeDCs,從善如流
1cXrln,臥薪嘗膽
15m7dM,生搬硬套
1oTv3d,非親非故
WXvkm,昂首挺胸
1pYkRs,鬼使神差
MCCK7,叫苦連天
OCH2n,大勢已去
12VHbk,無奇不有
160thi,百年樹人
TAnGU,戮力同心
1mWRwS,開國元勛
IvASg,不卑不亢
11HluH,流言蜚語
PmDTV,委曲求全
SvuDb,心想事成
1l7HsE,選賢任能
Qz4Y2,居心叵測
SEaKg,年近花甲
WuEDb,有志之士
QsWS3,小恩小惠
Ur811,挑撥離間
KJkW0,別具匠心
Ty6v8,慢條斯理
1ohLij,革故鼎新
1hWwCn,諄諄教導
1aOcPJ,罪大惡極
1dxQCn,萬念俱灰
1hi9pR,裝點門面
NwSO4,坐享其成
S1k16,平步青雲
1oojRo,音容笑貌
1h9Ng2,誠惶誠恐
1kcEDW,達官貴人
OUyxo,奇形怪狀
15sxdj,畸形發展
1syNII,黑燈瞎火
TUk8L,打得火熱
17Qf8v,秋後算賬
14pSYu,狼狽不堪
UdrrJ,披星戴月
1fIOzK,街坊鄰里
YYd2q,民不聊生
JjJRT,依依惜別
171RCN,相見恨晚
1i7NFx,賊喊捉賊
IOhPE,一日千里
Kjpei,促膝談心
1cE0B4,花天酒地
Q3nl2,寡不敵眾
YL5qo,殺一儆百
1kcgtG,近水樓台
115MTt,深入骨髓
IPNFO,一板一眼
16zytx,目無法紀
Wk44c,望其項背
13Ow1i,為非作惡
MIyXn,唯我獨尊
MKYGy,反躬自省
1hXQUQ,評頭論足
1laytA,重整旗鼓
13ROhi,物是人非
1e3Ovb,草長鶯飛
PvE0c,奮筆疾書
1ql8Ja,體無完膚
OWiEO,大放厥詞
LgVoo,剛柔相濟
1e4DRi,萬紫千紅
SRvVY,惹人注目
RU2dJ,彈丸之地
TxuQk,心馳神往
1qOETd,體貼入微
10Rzdq,毀譽參半
SK6X8,心浮氣躁
PNYcK,好說歹說
11isqF,深得人心
LWyl1,前途無量
JcrNC,一筆勾銷
VE2Hz,日出而作
Lebhk,劫富濟貧
R8n56,察言觀色
IUnir,令人神往
1tuo44,鼓鼓囊囊
IWdoU,不毛之地
Rm0ud,將錯就錯
1qAWT1,魂牽夢縈
Uk0Wj,拿手好戲
KuakI,冰凍三尺
1cIRsw,自知之明
QaebI,字斟句酌
QnDju,嬉笑怒罵
JfgRb,一箭雙鵰
1c4j56,群雄逐鹿
12XeFv,為期不遠
IWuMv,一波未平
So6k1,急不可耐
1oSJNN,飄忽不定
1qgbpY,高歌猛進
JAfrx,不辭勞苦
11xKEE,活色生香
Mb1qF,同日而語
17lmEH,碩果僅存
1pyrTl,飽經滄桑
KrbAd,倒背如流
LuS1W,勾心鬥角
11M5gU,油鹽醬醋
1dQKab,英雄本色
LwcDW,包打天下
NlK71,和風細雨
Kat7Y,以防不測
SCxgI,年近古稀
PXSue,奪門而出
JrLVM,一見傾心
Jq8Qg,不著邊際
KUiRY,兼濟天下
KCGaR,出乎預料
12SUaQ,滿面笑容
1380xg,炯炯有神
1es7rt,虛位以待
1p0Bs6,養尊處優
SaYYW,徒勞無功
1csGGY,聞風喪膽
1bsKoz,耀武揚威
1itlC2,貪污腐化
VwMQV,故弄玄虛
LdjWR,兼而有之
IpCPg,上下其手
JGIOl,一面之緣
1mPeAg,鏡花水月
IQmk3,事在人為
1tc47p,麻雀雖小
MgAIB,十萬火急
1bAV47,聰明伶俐
1bFNje,聚沙成塔
UgVip,投機鑽營
10YDUF,深不可測
14NoCz,牢騷滿腹
11AP58,清水衙門
T7G7H,心花怒放
Qh1kf,尸位素餐
IKGG2,七手八腳
1itULQ,財源滾滾
11ycvO,添油加醋
RhX4e,巧取豪奪
1nVr6s,開路先鋒
1oRQrf,雷電交加
15aJnI,珠聯璧合
ND6dF,坐吃山空
MzYjX,口若懸河
1oPoSA,風度翩翩
IxeO2,一哄而散
Q7o9I,如鯁在喉
KM7mV,出奇制勝
PpPKX,大義凜然
IvV4x,一唱一和
1jOJCA,逆來順受
Qr5QF,小巧玲瓏
X8VPV,暴跳如雷
1obiXL,雲淡風輕
XuO7d,曲高和寡
KKHy4,傳經送寶
VuTvS,改弦易轍
13PkTH,牽強附會
UYlPj,振興中華
Th52R,從輕發落
12uGjf,滿腔熱忱
11fY8B,消極怠工
10Cb9d,氣焰囂張
KVXkJ,先知先覺
JlU5O,不能自主
1ptza9,飛簷走壁
VQHWc,易如反掌
JdHbK,一笑置之
Rdopw,展翅高飛
1qquK9,馬首是瞻
S2QLi,強國富民
1kF6Vb,連綿不絕
TDknY,慘淡經營
1kHh03,連綿起伏
NgvQb,嚴刑峻法
J9EmG,人所共知
IoKJq,一五一十
1iDwF3,路人皆知
Mu7M1,咬文嚼字
1gRVdt,觸景生情
UjWK2,抱殘守缺
LAvcs,十年樹木
YcQzB,桀驁不馴
1djmOy,萬劫不復
1acmnE,粉身碎骨
IBEWb,上天入地
Lw5kV,原來如此
OJ9QQ,好事多磨
1mFOst,錙銖必較
K5X96,傷天害理
Tigzd,惹是生非
1mT1TE,鑽牛角尖
1bpUgd,背信棄義
1713NH,白頭偕老
1jdY3X,赤膊上陣
UJT1x,成雙成對
PqS6K,大義滅親
16P6HS,發財致富
Q13Yl,寄人籬下
MDaMw,各色人等
Jx1aU,一路平安
126FYa,滴水穿石
OYQhs,大有文章
10wxcB,死而後已
11TyVg,源源不絕
1kfqbD,過從甚密
VAEhe,日以繼夜
109F5n,求全責備
QBp2H,寸步不讓
UttcQ,投石問路
XqLT2,根深葉茂
12hwbW,滅絕人性
Lktn3,功成身退
Q47A2,如雷貫耳
UtR7o,捨己為人
13DPPR,煥發青春
1qvKd4,骨肉分離
19c820,窮鄉僻壤
W3hTE,普天同慶
1qrIVN,馬馬虎虎
VSLDu,旁敲側擊
LfWlh,先見之明
JSLCq,倒打一耙
1h6scA,談天說地
12Lu7S,無事生非
Lpwle,利益均霑
1pvD8q,驕傲自滿
Lz7wj,力爭上游
SnzSX,心如刀絞
UqinS,拖泥帶水
1onNV3,離經叛道
LPIEs,吃啞巴虧
14X8G1,用之不竭
PFfBH,奇裝異服
VQo2z,春回大地
Vcyal,插科打諢
UBfMN,推己及人
Rc4JW,將計就計
12REbO,無可置疑
RT7D4,強人所難
L1Oya,分文不取
SsiBh,引狼入室
SPF4r,心狠手辣
1cEcWI,若即若離
IuPyq,不分彼此
LDI8d,南征北戰
K50O2,以退為進
IMXsx,不拘小節
YWhIp,死心塌地
11b8Cr,洶湧澎湃
16xq7z,真槍實彈
11JW9I,溫情脈脈
UCyjc,損公肥私
1iKnr3,貽笑大方
VRTEn,搖頭嘆息
KgUW8,優哉游哉
PhowV,天生麗質
1igy6E,賢妻良母
VR9EW,斯文掃地
Vj7i1,敢作敢為
1a1p62,粗茶淡飯
K3mAt,以身殉職
1joFA6,趁虛而入
1ajGmQ,縮手縮腳
10wz2B,死而復生
1afjGo,糖衣炮彈
Q7beg,安安穩穩
10K5DP,汗牛充棟
LGdy1,出謀獻策
WN8OJ,望洋興嘆
1jnWtC,躡手躡腳
17v5OT,禮儀之邦
16TVJL,短斤少兩
14iN9E,熟門熟路
1qxYR5,魚水深情
IUfWS,亡國滅種
1lOkdw,醍醐灌頂
118dWE,氣象萬千
PLzaO,嫉惡如仇
10re4P,殘破不堪
16qEsd,盛氣凌人
M7vgl,名揚天下
P7YCs,多災多難
IoG3i,七上八下
VbeSb,投鼠忌器
PUKxg,安分守己
15dTMG,男女老少
1p9WDH,首善之區
10ibTa,民怨沸騰
KeV4M,健步如飛
16nwoD,相敬如賓
PcO23,大煞風景
OM8DM,妙不可言
16lhf4,直抒胸臆
1pQbFM,風雲際會
16LL3D,矢志不移
11M6Q7,滿城風雨
LNVpB,助紂為虐
IR2nw,不敢苟同
X0fFU,昂首闊步
1bWVeY,耳聰目明
RYRTX,幾次三番
161pJm,目光短淺
1l3xu8,進退維谷
1egVHa,葉落歸根
Wzd94,文過飾非
13PKof,燦爛輝煌
15YSWr,百年好合
13JsSf,狐假虎威
TR9jp,成敗得失
12eiKi,濃妝豔抹
1i755H,謀財害命
OyXF7,天下興亡
WnIiV,改邪歸正
Iq79Y,一了百了
VlMLc,散兵游勇
SR1gG,恣意妄為
Siv3l,彪形大漢
1c5MPB,膽大包天
ODEaR,天各一方
10CIWs,櫛風沐雨
178JkP,磨刀霍霍
Soi0y,徘徊不前
M5Ds3,各持己見
1nyJPY,雜七雜八
L9rNE,勝券在握
IMshx,一手遮天
JuKlI,一言難盡
1pCgBV,風言風語
LA1Oi,十年寒窗
Iqi4y,不乏其人
PXkUG,子子孫孫
1fPm6S,血戰到底
14VioM,甕中捉鱉
Rdl7u,少言寡語
OjhUl,國色天香
U8v6Y,戰無不勝
Wc9rh,撥雲見日
1eQYjP,虛晃一槍
17YR2z,空前絕後
19UVDd,精神煥發
PFcuE,如臨深淵
19PIhH,緩兵之計
1rQu6F,鴻篇巨製
UlkLu,拍案而起
168hYk,畫蛇添足
WyroS,朝思暮想
LlUmD,凶神惡煞
PrrYl,大肆揮霍
VDnWv,改朝換代
1bQPH7,胡攪蠻纏
12Fhsb,烏合之眾
PklaB,大禹治水
134U8r,無惡不作
1hhCzt,誰是誰非
19dM8J,空頭支票
1nvWNM,雄偉壯觀
17oivN,神出鬼沒
14DONw,爭風吃醋
RPiik,引以為榮
125MeO,滴水成冰
PB5av,姓甚名誰
OxyAK,天下太平
1mSNAY,長命百歲
SzRz1,忘恩負義
ThiUj,感情用事
13Iza5,照章辦事
Q23ld,容光煥發
Kwggi,傳為美談
186X7B,窮兵黷武
Jz6aJ,一路順風
1oTPOk,雷霆萬鈞
12GY7w,為國為民
1djIAi,自食其果
LGvAF,半推半就
1cOto1,茅塞頓開
1fLM4e,蠱惑人心
1ptLq2,頭重腳輕
TevMP,念茲在茲
1jSdmw,趾高氣揚
SY1iE,得而復失
1oBWKu,隨遇而安
1c6BuW,舊事重提
S7cBw,形單影隻
1oELr5,陰魂不散
1aBoqB,綱舉目張
10bqwW,死氣沉沉
11YvXw,滂沱大雨
1gGK0p,話不投機
Jsgr9,一言九鼎
13qp8f,煙波浩渺
SELw2,彈盡糧絕
UxnWz,投筆從戎
WyojH,斗轉星移
1i6Xq1,豪情壯志
Pnh5w,婆婆媽媽
SbbiU,強弩之末
Mrk6x,各盡所能
ORj5F,大惑不解
LCc88,十惡不赦
1luWPh,錯上加錯
OMQU7,大展宏圖
SqUoM,得意洋洋
1h4eA1,言無不盡
IU1hI,令人滿意
JsBf1,似懂非懂
1hkRMf,見財起意
161w8e,由表及裡
1bDvJV,聲東擊西
Va7j1,捶胸頓足
ITDMq,令人捧腹
LnnoM,光輝燦爛
KClye,克敵制勝
1o71p2,閉關鎖國
YE7bs,歌功頌德
L4Y2t,動人心魄
1nkmX8,關懷備至
1kh0q9,避實就虛
1r8MSN,魚貫而出
1q7FBv,高抬貴手
1cQhvc,苦思冥想
Suqtx,心心唸唸
X9oRh,條分縷析
1c4Azj,與世無爭
JAPVt,伺機而動
1kXNGh,迎風招展
1nTsgH,閒言碎語
POJjs,大雅之堂
MvtJT,唯唯諾諾
VgwL5,提綱挈領
LiMyS,千人一面
IKKwA,三思而行
1gWgoj,調兵遣將
1kS5EN,適者生存
ODLSG,大吉大利
1hVYrx,諄諄告誡
1nrMiD,長生不老
12UkPs,無堅不摧
17hVeD,眉開眼笑
12SBib,火樹銀花
IKn3Q,一手包辦
NHNuB,四書五經
Ojtno,固若金湯
Q1ouQ,孤家寡人
133QX8,無師自通
JKOBf,三顧茅廬
PrGMu,大腹便便
10sPDL,歌舞昇平
L5pAw,勢不兩立
1pA4NE,養精蓄銳
IHMp4,一往情深
1dhb4P,苦盡甘來
KAW2q,優柔寡斷
KK5BP,冥思苦想
1cuc4O,聞風而逃
1aiFeE,結結巴巴
YMzaA,殺人放火
13WE3J,營私舞弊
IugQ6,不修邊幅
PkVAh,大筆一揮
UdLfJ,拉拉扯扯
Xcely,枯燥無味
VqbJz,指鹿為馬
1e3VCi,蓋棺定論
IE7Kc,久別重逢
TP3Fq,悔過自新
10X7UM,泛泛而談
Uewk0,投機倒把
1iWzoa,赴湯蹈火
PGCfK,奇談怪論
IpIb4,上下同心
1cC0RC,腰纏萬貫
1oE6J7,飢不擇食
VvHSp,教學相長
OYO28,大材小用
KRgMS,出師不利
MqrPH,博覽群書
16xLyF,眾星捧月
1kcLLp,追本溯源
195ugB,窺見一斑
M3qH2,千真萬確
MHVlq,單刀直入
WMQCK,智者見智
LVHWn,吃大鍋飯
XOt5g,樂不可支
MycL0,和氣生財
10cDo7,民富國強
15smJh,瓜熟蒂落
10jU7o,機關算盡
13tdTC,無的放矢
SECTs,年逾花甲
11W1Cl,滿打滿算
1cO0k9,花拳繡腿
PuzTY,大舉進攻
OKohX,天女散花
LINDB,各不相讓
JQids,俯拾皆是
1oox9U,陳規陋習
TFfro,慘無人道
13nRyu,無為而治
10Luph,浮光掠影
J0q4H,一潭死水
J0hii,一瀉千里
1oSxyG,零零星星
Sslf5,得意門生
15qKjc,畢恭畢敬
13VSoV,物極必反
196Dz8,笑而不答
YBaxt,榮華富貴
15Y1Hy,疑神疑鬼
Wg7oj,日理萬機
Qzdmp,寧死不屈
1oK6kV,顛撲不破
Kt2ta,光宗耀祖
1asfnt,精雕細刻
OtB9k,圖謀不軌
Uflkl,成竹在胸
SzMnP,忠心耿耿
Xq7fP,有錢有勢
16kqLP,相持不下
1kzvj0,返老還童
LJ9xz,反唇相譏
JlzfP,一花獨放
NycgR,哀鴻遍野
1kTaEQ,造謠中傷
MAxaS,十面埋伏
1p3bM4,飛揚跋扈
13CGoW,爭強好勝
VQyww,既往不咎
1o1vQY,零敲碎打
WJCtJ,日進斗金
1nDd1Q,難兄難弟
14mIco,爾虞我詐
N0IYU,喜新厭舊
1dj6fB,自顧不暇
O4c65,因禍得福
1cJKQg,茲事體大
15b6ds,略勝一籌
1ttMAn,鼎鼎大名
1bEs0K,老當益壯
1c3LNk,舉不勝舉
1jd1yR,身外之物
1rlC5A,魔高一丈
1kQg4N,量力而為
QHqo2,孤苦伶仃
STwGe,心直口快
1pcBYh,颯爽英姿
1goApC,血肉相連
16fmO7,眾叛親離
IKg3k,不惑之年
1143Qx,殺雞儆猴
1j9R9E,趕盡殺絕
MBSX0,千難萬險
1c4T6X,舉世無雙
1c6hux,膽大心細
120cwn,滄海一粟
113rwo,洋洋得意
MGHkJ,名落孫山
K0bo2,以貌取人
UaXvn,拐彎抹角
1gBnux,表裡不一
YkkwO,樂極生悲
16E7RU,疾風驟雨
144kHK,牙牙學語
13VRUN,無邊無際
SQ7jf,情同手足
Lb1vD,公而忘私
IQy34,三更半夜
POoJ0,天長日久
1fMzfX,行尸走肉
WGiHo,有樣學樣
U0KNM,挑三揀四
SCjGB,忿忿不平
1tGOTp,龍騰虎躍
SSY02,息息相通
PIbbS,奇貨可居
1hlA1Q,言而無信
TuLFP,慷慨陳詞
VflwR,救人一命
15hLwL,畫地為牢
LxSBn,匠心獨具
1tFTWT,龍馬精神
13fpbY,無機可乘
1dPok4,荒誕不經
1aTNGR,結黨營私
IOobs,人丁興旺
SDyJs,悔之晚矣
17iXeY,神來之筆
14XY8i,生不逢時
15Xwcc,盲人摸象
16E6oh,百花爭豔
Qih3H,寥寥可數
135E4k,為民請命
1cDS8D,腹背受敵
SKwuT,恃強凌弱
12KSrY,為富不仁
Sqrjg,得意忘形
Iu8WI,丟三落四
OOg96,大家閨秀
MO8a5,厚顏無恥
1ovdA3,響徹雲霄
JFVj0,三長兩短
WpNMi,斬草除根
1dLdYw,萬水千山
1kGejt,過眼雲煙
1gygHy,解囊相助
K1XPV,假戲真做
P1F4D,堅貞不屈
VMnI0,揮霍無度
1dGNt1,草菅人命
18y4F3,管中窺豹
Q31lm,寒來暑往
10N5nI,沉渣泛起
US2oW,捨生取義
1631kq,發憤圖強
V1xRP,揚湯止沸
1cP0Po,苟延殘喘
1ri95S,鮮豔奪目
Nklzn,和顏悅色
1a0b5X,索然無味
1pDb04,顏面掃地
JkwuQ,作壁上觀
14vPsL,獨此一家
1nENVB,隔岸觀火
1l2dXn,進退失據
1oKoUR,離鄉背井
11ojGU,沾親帶故
Lix1B,別無二致
UTE2d,挑肥揀瘦
1hwCVf,認祖歸宗
1d40F8,腥風血雨
1ieqsG,貫徹始終
1dcNjt,興趣盎然
1nax2P,開懷暢飲
IQg7q,人仰馬翻
IKnFo,不徇私情
P0Bk7,塗脂抹粉
1137og,波瀾起伏
1kaOMo,通情達理
JChvz,何樂不為
LkXzg,六親不認
QJ3CB,孤芳自賞
KTs9o,冷暖自知
12VY6v,無妄之災
S2pWB,弦外之音
Q6WVE,富可敵國
16ov5j,真憑實據
J82RO,人情冷暖
IFIEM,不學無術
10Vs2R,浪子回頭
JBW7X,世道人心
1ogWrA,阿諛奉承
1cmuFU,自我犧牲
P0o7G,天朗氣清
1auSdh,絕處逢生
S5j9b,巧舌如簧
12Q5MW,無可匹敵
IslaV,不值一駁
1qGjy2,鰥寡孤獨
1kTR4E,造謠惑眾
1fdYIj,蜂擁而入
1jDcaj,輕手輕腳
RWup2,引吭高歌
QCchX,層巒疊嶂
WBUHI,晚節不保
Umlp9,推三阻四
16A5nv,眉清目秀
Y9iLt,樹大招風
1dS67b,英雄輩出
1lhTE1,道高一尺
1jgs9w,身家性命
OFwer,奉公守法
YXxQJ,歪打正著
16nD8y,真情實意
1qxMit,魚死網破
JlVaL,不能自已
12Gt7I,火急火燎
16qWfr,百發百中
14dDVS,猴年馬月
15Pbpj,略知一二
1ditQ6,臨陣脫逃
MTwGT,喜形於色
S6knD,從中作梗
148BNq,玩世不恭
K2a2m,作繭自縛
NsE9f,品頭論足
JLLcd,世風日下
Wj9D8,星火燎原
16RK8O,瘦骨嶙峋
KO3nr,其樂無窮
VTWLo,明察秋毫
1r8MQm,魚貫而入
M1xQH,反敗為勝
132FEO,熙來攘往
1cfG21,翻雲覆雨
IOcNl,人人有份
1l7Pqx,遠走高飛
T1Jba,惜字如金
1idf9T,貽害無窮
PWRN9,失魂落魄
XvCTd,有頭有臉
1eOdpf,虛懷若谷
19DlOK,等閒視之
1abJI1,紛紛擾擾
1piJjD,首尾相連
K5y8q,五體投地
1fmwho,虛與委蛇
16r4Dt,畫餅充饑
1sCAba,黑白分明
13PuX0,爭權奪利
1cA4ad,與民同樂
QUFgo,學貫中西
11H2mi,滔天罪行
SxALT,徒有虛名
10e6pF,水天一色
1dnfN2,萬古長青
1756wJ,白駒過隙
1oDM9e,食不果腹
Li69E,十之八九
Tgquk,愛憎分明
15tXEP,生死相依
1qVLDV,魚與熊掌
Ns9J5,地主之誼
13VDaE,熟能生巧
WNiP2,旗開得勝
1mfTN6,鋒芒畢露
1bstOC,翻江倒海
LQ1Kk,反客為主
JCBIz,下里巴人
1thdcJ,點頭稱是
MDkSE,各色各樣
P4E6W,大權獨攬
1gsltp,言之有理
16fpww,生靈塗炭
L3Kao,偷雞摸狗
JoxUB,一葉障目
14C42r,玉汝於成
QlMEX,孑然一身
JHQJ0,一顰一笑
1aCR0X,置之度外
JkeAB,一舉成功
J8J1i,不白之冤
1c9o7v,膽小怕事
MaIcK,吐故納新
1lyIwS,金童玉女
12sAGh,漁翁得利
V1FMm,招賢納士
NapVN,喪權辱國
1gsB49,言不由衷
17dDai,破涕為笑
1l2WeX,道貌岸然
1364iq,為民除害
17FRUy,碧空如洗
1pEo9v,驕奢淫逸
TlCII,忠貞不渝
Ld6vf,兼聽則明
SwAML,心慈手軟
MjA5M,名滿天下
LGA82,具體而微
ST4AB,悲天憫人
NwahL,固執己見
IsBw9,一刀兩斷
1shRtj,鹿死誰手
12QKC3,無可救藥
ID6EU,一官半職
10FGRB,江河日下
PEOpx,妄自尊大
NsN0L,囫圇吞棗
IIB1b,三心二意
1cS3qO,花枝招展
1pzXsC,飽經風霜
N26M1,各顯其能
OFFIY,夫唱婦隨
VnDa8,揠苗助長
11QPeM,滿山遍野
N8dGM,含飴弄孫
1amPJR,絲絲入扣
KyuUy,偏聽偏信
IJ0LP,七情六慾
JliwT,以柔克剛
1o4bYY,閉門不出
WQ21D,枕戈待旦
17A8Gp,破舊立新
1oGYJH,頭昏眼花
1bmKFh,罄竹難書
1rjOU7,魂飛魄散
17Ugfk,破鏡重圓
10vRR8,毫無疑義
L4TTb,動人心弦
WyP56,暗無天日
1g2UAN,血流成河
Jzh9f,信口雌黃
TdAjd,憤世嫉俗
TW5RR,打情罵俏
LBQx3,厲兵秣馬
WgQPn,有傷風化
19JzOG,紅杏出牆
19soi8,精忠報國
1fGM8i,街坊四鄰
LdSlF,兵臨城下
SnwVP,心如刀割
TJKze,慈眉善目
1fBxMF,藏龍臥虎
1qGNio,騰雲駕霧
1paxMw,風燭殘年
JISfD,三頭六臂
1r7lCT,鬼迷心竅
V6Ydv,揮灑自如
VU3FJ,文武雙全
SLIAP,後發制人
14r72e,狼狽為奸
KhShz,公事公辦
La8Ay,別有風味
1biQk7,義正辭嚴
1lxyFk,金科玉律
1hXOoh,貌合神離
142RXq,狗急跳牆
KLyeJ,借酒澆愁
15fmc2,男尊女卑
1du9ky,花裡胡哨
1gIB7I,裝腔作勢
13rMmP,無病呻吟
WrXzA,本固邦寧
106Scg,氣吞山河
Ucq50,憶苦思甜
LhIlO,兵荒馬亂
VcqKn,摧枯拉朽
PyAuI,奇花異草
KAGl4,入情入理
RpTJ1,常勝將軍
1mImci,錚錚鐵骨
IGXXo,事不宜遲
1cIT8A,自相殘殺
1nWQuU,難捨難分
P98KH,妙手回春
OVrsW,奇恥大辱
1hpfsL,變化莫測
QCaXf,山崩地裂
1d0Pwi,臥虎藏龍
N6nnd,周遊列國
17yhWP,禍國殃民
18gbzw,穩操勝券
Lk57T,凶相畢露
JqlKi,以毒攻毒
IKQKW,不惜工本
Wp17g,有始有終
NAW9n,坐冷板凳
1pNBIG,風雪交加
KCv3Q,切中時弊
OXwJX,天昏地暗
KMgM1,前仰後合
TKffM,悲觀厭世
14jN8B,珠光寶氣
15umnd,生死與共
15tE4k,用武之地
IpN5j,一來一往
J2WSF,事必躬親
W5Wus,春捂秋凍
1l8YM8,金戈鐵馬
1fwUwn,血光之災
NCYWW,國富民強
PP2dW,多難興邦
OQ1w3,多愁善感
PHtDX,大逆不道
Nysgc,在劫難逃
VSq57,昏天黑地
12FLoh,灰心喪氣
Mutxy,千里之行
19e2EL,精兵簡政
1d5n5u,自討苦吃
Sw4eB,後會無期
1ijzCE,賣官鬻爵
Jv6gu,不謀其政
169yzd,由近及遠
YEdCE,死不瞑目
SI2Kt,恍如隔世
Phpnk,如此而已
Twx26,情竇初開
1bRLyi,聚眾滋事
T0nYz,悲從中來
NWV30,噤若寒蟬
IQzAX,一望無垠
Lwtp7,卿卿我我
IvVhc,一吐為快
1afcw7,經營慘淡
1my9iy,鐵板釘釘
16jgnR,畸輕畸重
M4Pjh,口是心非
IMeYJ,中庸之道
Mnqcr,去粗取精
1e1Alc,蒼松翠柏
1cG6kx,至理名言
14pmnA,物華天寶
OHr2I,大喜過望
1dGgB8,草草了事
L8KLe,分毫不差
1c2IiC,自作自受
15JTlk,百依百順
JtHgp,作惡多端
Ixhze,一哄而起
1kY9D1,逍遙自在
LEOHD,刻舟求劍
1dYrGR,荒郊野外
SV960,想入非非
LXmh9,卓爾不群
W0glh,智勇雙全
TNHzQ,才子佳人
1eAvab,藕斷絲連
VRphw,斯斯文文
115Esm,泰然自若
1cjtgU,聞過則喜
P4Oy9,大步流星
1itoHT,財源廣進
QqLCq,尾大不掉
115Kgn,泰然處之
1fKn2Y,虎頭虎腦
RfmOF,寵辱不驚
1db4r7,自身難保
11pRhW,深明大義
J6j1c,一病不起
VKF69,故步自封
QrNud,尊師重道
13RTKe,無跡可尋
1pvhaq,驍勇善戰
1cxGjL,能言善辯
Neey6,善男信女
RmU2n,常備不懈
Qo4Vf,家有兒女
SrhvV,心存芥蒂
JkJM9,不能忘懷
12NSrt,無出其右
USPzr,拂袖而去
VB9FK,敲山震虎
LSFAX,各執己見
1ci7ol,老驥伏櫪
1grYUn,襟懷坦白
TRqfP,戰戰兢兢
18fcit,童叟無欺
OajLI,垂死掙扎
10K9BR,比翼雙飛
LARn9,八面玲瓏
10445Y,永不磨滅
1ckct0,自愧不如
Iumfu,丟人現眼
JFmRW,串通一氣
QySLF,居心不良
1c2wAe,老謀深算
19vJPb,粗枝大葉
NHLVk,因時制宜
MCeDj,合而為一
INb8p,人事不省
1hleuF,言而有信
1bbXiY,聊勝於無
MEWJf,問寒問暖
19AwnT,精明能幹
1ooCjI,顛倒是非
Isihu,一元復始
NjfNS,嘖有煩言
N5gLr,啞然失笑
18lbDH,禮義廉恥
1bk5y8,老態龍鍾
12k37e,漫無邊際
15d1QE,男女有別
NWlaI,坐收漁利
TxmbN,感激涕零
18rJjH,童心未泯
TggUe,感恩戴德
10HwVp,沖昏頭腦
OXhaq,天方夜譚
UvFpz,捉摸不定
10gF6U,氣宇軒昂
Yhp5M,極目遠眺
1qjAft,高深莫測
U1kQb,扭扭捏捏
1hrcYV,見錢眼開
Rihp8,左右開弓
150Q9Q,狂風驟雨
1olu3O,靠水吃水
1ph7ry,面黃肌瘦
Whqdz,有勇有謀
15OYps,百口莫辯
1pXLzg,高山仰止
1clcqu,興師問罪
10DbbW,水滴石穿
T67t5,心腹大患
P0d8g,大書特書
Voh0H,改天換地
SLW4F,恩將仇報
S7QmR,彌天大謊
K7xgc,來者不善
K4tCU,人間地獄
PbDOI,奔流不息
WXygm,曲終人散
1i8rhe,謙謙君子
1tGah6,龍飛鳳舞
S3hXj,幡然悔悟
MPfcA,古道熱腸
1obo48,雞犬升天
VyyUI,故態復萌
TEiTd,手到擒來
TK1BF,懷才不遇
J6N97,人心不古
1hKz5v,觸類旁通
1q68gh,餘音繞樑
Muqes,千里之堤
Vo6F2,數典忘祖
Rnyst,師出有名
12h51Q,滾瓜爛熟
LvCWQ,分而治之
M30on,及時行樂
TKe7K,戰天鬥地
XVW9K,楚楚動人
JswxN,何必當初
1eL6sa,虛情假意
JerxM,乾淨利索
LOOT9,半死不活
11Nxs2,海誓山盟
1c08N1,臭不可聞
1cc1y2,肝腸寸斷
JeVzo,一統天下
1c810t,自吹自擂
LxSvW,刪繁就簡
1rlD4a,魔高一尺
KNK5g,分外妖嬈
JJYLU,不露聲色
1k5tf9,轉眼之間
TDPBz,打入冷宮
PDOtT,如膠似漆
IOELP,三教九流
1sQpMI,齜牙咧嘴
VYqbr,旖旎風光
M2C5L,同床異夢
J7VGM,人心渙散
1oRVxd,雞飛狗跳
Jq5NY,人無完人
1aeGva,糊裡糊塗
WWfK4,朝發夕至
10vtNR,歡聲雷動
16gKAd,盛情難卻
1hTa2a,談虎色變
1aGufl,罪加一等
INaJf,世態炎涼
JcKM2,以德報怨
NMWNk,喬遷之喜
YL8Hj,殃及池魚
PPiHA,大雨如注
1sWcuH,龐然大物
15v9w3,瓜田李下
UgpVP,授人以柄
1bHq6N,群英薈萃
1h1jBc,論功行賞
O7zhD,塞上江南
1iK2lf,起承轉合
OL2lP,壯志豪情
QnQn4,小家子氣
IO3IW,人亡政息
WPzEo,東施效顰
1oH8y7,飯來張口
IAtJa,乘人之危
1kxSSt,遠涉重洋
IpShe,不三不四
QbW3w,妖魔鬼怪
UjfA3,拱手相讓
LUC57,削足適履
S5MNi,形勢逼人
K30GD,五雷轟頂
U96Xd,抱成一團
L39nG,功名利祿
1drjBg,良辰吉日
163z4W,百戰不殆
14Oj0Q,獎罰分明
IB1V8,不堪入耳
116Qjj,洋為中用
1nx36L,附庸風雅
QhLfV,孟母三遷
KvzO2,入室弟子
15tq3g,生氣勃勃
OGqFs,國難當頭
119UhS,淚如泉湧
QmsMt,寓意深遠
1nbAau,閒情逸致
X8YOX,棄之可惜
1d0oik,若有若無
JvscN,一語雙關
1pqUga,飛禽走獸
14CLn1,牛郎織女
1rOxel,鶯歌燕舞
1ooEpj,集腋成裘
M0hAG,半生不熟
164WCO,百戰百勝
1j4Bw7,財迷心竅
1pQqsC,風霜雨雪
15NhUw,皮之不存
V6RcJ,披頭散髮
KdeBk,傾巢而出
1lhSFr,道高一丈
MVrLK,咬緊牙關
15WLvG,目中無人
10lyv3,汗如雨下
WJwCT,束手束腳
VipSX,揭竿而起
UmchF,拍案驚奇
1kejgp,追根究底
OOmFQ,大家風範
W0VFe,晝夜兼程
1nOGL9,面不改色
184Rfx,穩如泰山
Ivc13,三十六計
UUsQT,搬弄是非
U2Vbi,情非得已
X2sf9,望穿秋水
1oKhsK,風姿綽約
1thtVP,黔驢技窮
15tt23,疊床架屋
16Cq9M,百般刁難
1o6Ud5,閒雜人等
110OQF,殷鑑不遠
SkM0m,影影綽綽
13OmYx,無親無故
Ix979,不可救藥
12lYtC,火中取栗
Pek7E,奉為圭臬
164pKK,生財有道
19LHMC,籠絡人心
JaCHx,不破不立
1t3Owx,黃道吉日
MvkJ2,化零為整
TaLNL,惶惶不安
1kUwzs,造謠生事
IJQOV,上情下達
1n6uo9,開山鼻祖
176jGw,皮開肉綻
QjP1y,嬉皮笑臉
OGOTm,大器晚成
JPFvH,一鼻子灰
KbCpf,傾巢出動
1gNWqt,誨人不倦
IVpGD,一步登天
PS804,安之若素
JE1ap,但求無過
11PxJu,洛陽紙貴
Jx7oh,個中滋味
L8vVk,前所未聞
PID3q,夜郎自大
JHmFC,伶牙俐齒
IUvBm,一毛不拔
X8ceD,果然如此
VputY,故土難離
15imn4,甘拜下風
OYXLY,如履平地
Lvb3Y,冷言冷語
1cv5gK,花前月下
1778nj,百鳥朝鳳
106LvO,毛將焉附
14eMs5,犬牙交錯
OP0H5,多快好省
We3Yx,朝不保夕
P5Esi,大江東去
Ujhzr,掛一漏萬
1qUImi,鳩佔鵲巢
12ujDW,滿臉堆笑
J2sId,人定勝天
1oezvT,頃刻之間
OyAIQ,天作之合
1qOxNw,魚米之鄉
19YMOR,綿延不斷
OBjWg,回頭是岸
LQIgQ,吃喝玩樂
Jn2ek,作姦犯科
12uJ5p,滿腔熱血
11yMdp,流芳百世
16U0Xs,矯揉造作
S7R1B,從一而終
SVSXd,急流勇退
N9ctl,命途多舛
14MfAN,玩物喪志
Ml2YA,含沙射影
XOVnJ,樂不思蜀
OzmX1,四面出擊
10I6GP,此起彼落
VoWMJ,文以載道
1c6T5h,自取滅亡
1ppTAD,養生之道
Qnzyy,封官許願
1dmip4,葉公好龍
MdCUR,動輒得咎
M7svn,名揚四海
JV2x2,九霄雲外
YvEDz,欺世盜名
QfqDV,寸土不讓
1c8hQ2,聲色犬馬
OVKEA,如夢方醒
117SMR,水調歌頭
1cTisc,至聖先師
PMgbh,夜長夢多
15Xy72,目不識丁
MBSXV,千難萬難
KlLUr,俠肝義膽
QGd2G,富甲一方
1atRWN,縱橫馳騁
OqLVt,執法如山
1aReUp,罪孽深重
1es5fa,萬里無雲
JwOBW,乘興而來
UX3k9,打馬虎眼
LHIDv,勞燕分飛
1meBSK,鋼筋鐵骨
1ckY32,自怨自艾
1smWSL,齊天大聖
1amnSc,粉飾太平
JnGVh,不落俗套
VFHbr,新婚燕爾
1s6fxN,鳴金收兵
1emCd1,蔚為大觀
KeDSm,倉皇出逃
Is2Hq,不以為恥
1cqK0g,自有公論
13V0At,無遠弗屆
16Eh0L,百花盛開
MIUzs,口說無憑
IXvsl,不求有功
INTfn,不捨晝夜
1717L6,白頭到老
X47A8,書聲琅琅
1cGevN,自甘墮落
MUCX0,喜怒無常
18knbu,笑口常開
1cl3Ri,自慚形穢
SpoSA,志士仁人
J8HJb,九泉之下
TJHIo,怒髮衝冠
WNXIr,東挪西借
SzjsG,心懷鬼胎
1l86qs,重振旗鼓
Lv48i,刀耕火種
LVj86,名垂青史
1dIsvc,萍水相逢
LTaSz,出頭之日
Lbg2M,兩肋插刀
13jlTt,烽火連天
VI2HV,斷子絕孫
Sedg8,忙中出錯
JLDvO,不驕不躁
JKxIy,仁至義盡
JyIpR,不足掛齒
1cwmaI,舞文弄墨
1k3YOq,迷惑不解
11wPWc,波譎雲詭
PQJyb,大難臨頭
YSG4Q,欲擒故縱
1mxb3h,錦衣玉食
OrhXg,坐臥不安
1r2UU8,高頭大馬
14vV0u,瑕不掩瑜
1p71tu,風流韻事
19A6uC,等量齊觀
WbaUz,放蕩不羈
1kXX1S,迎頭痛擊
JQjc4,借屍還魂
LvVUT,光陰荏苒
185GvX,窮則思變
15sPmC,生殺予奪
TdawA,心術不正
Ujazo,拍板定案
Ktc59,倚老賣老
XC4KT,榜上無名
10P4VJ,求知若渴
1gyw4H,裝瘋賣傻
Mbnwn,只欠東風
16309l,眉來眼去
1602sC,白山黑水
121b51,滄海橫流
1fCOqv,衣冠楚楚
130QsV,火燒眉毛
RO4gv,弄假成真
15IdyN,痴心妄想
11Jw9Y,滿園春色
16adUj,真命天子
12rYMY,漁翁之利
Kknuk,兵不血刃
13yPKC,無米之炊
XhKTT,查無實據
Le5il,傷風敗俗
148s6I,狐朋狗友
12uVlE,滿腹牢騷
1obd6F,雞犬不寧
1lDuwM,錦囊妙計
X9124,未老先衰
14kB5H,狐狸尾巴
J8Hfh,一石二鳥
1cnhi7,自我解嘲
NDFNN,喝西北風
VTtBH,搔首弄姿
PE5lb,大費周折
JJhcH,不預則廢
15VCAe,百密一疏
ODSAd,大動肝火
11jHxE,浩然之氣
10giy9,死無對證
13w0Ky,為虎作倀
M6htf,千秋萬代
1ae88E,精誠所至
VOe8V,時來運轉
M08p8,初露鋒芒
1gCoAW,血跡斑斑
R5Erl,家財萬貫
10RJNT,民脂民膏
SjJGb,待字閨中
12OfJ6,無則加勉
LVLhl,反戈一擊
1210Ge,溘然長逝
1k7u6P,邪不壓正
MBdyC,唱對台戲
QDSBe,尋歡作樂
101VaS,止於至善
SiUow,形形色色
10F3Pb,永無寧日
YI6Pb,樹碑立傳
1tuhcv,鼎鼎有名
1i9XdH,豈有此理
1nHJr7,除暴安良
1doD9Y,自鳴得意
1eeDSk,落英繽紛
RbNcN,差之毫釐
16lgNl,百無禁忌
Q5tJz,寬以待人
1li7iW,醉生夢死
1p4vns,風流倜儻
1hvM6c,見風使舵
JtMoA,不見天日
UaoLg,抖擻精神
TWjSu,悠閒自在
1olzac,顛三倒四
1e5x7b,蓋棺論定
14tT5f,爛醉如泥
LDPwS,口不擇言
PXCwO,安危與共
KzBDT,兩廂情願
PNM6L,大開大合
KOBwH,刺刀見紅
Tl7Dj,忠言逆耳
1lvuW6,金石為開
1di9AT,臨陣磨槍
TG5Qw,懸崖絕壁
TWIgU,拔刀相助
R3W6o,孤陋寡聞
16kFED,百煉成鋼
UCFlj,抓耳撓腮
1oDyEx,難解難分
JhSzl,一聲不響
11Otj1,溫故知新
QNJwn,屏氣凝神
Q0aFg,字字珠璣
LDPpR,千恩萬謝
1dgsRG,花紅柳綠
1p8UB7,鞭辟入裡
1auibN,繁榮興旺
15CjOP,疾惡如仇
VdMpa,披麻戴孝
1bBKSK,聰明智慧
StKlc,師道尊嚴
OAgxp,大做文章
19BlP4,等閒之輩
1pxLhT,風行一時
Pipi4,奇珍異寶
Tmliv,慾壑難填
13KTGO,狡兔三窟
Wxpz2,木已成舟
1aaXmc,糧草先行
1cgbh6,自尋短見
UAd57,推崇備至
V252M,招財進寶
QUlXB,孤軍作戰
LLRym,卓有成就
1freTk,虛虛實實
PWfb9,害人不淺
1iUo6M,足智多謀
17GYBO,禍從天降
1o0d2b,青天白日
NGs8f,問長問短
KOA4o,全民皆兵
1k3Xi9,避人耳目
1iTcsg,賞罰分明
1jSz4h,逼上梁山
1am0RP,紈褲子弟
IuePl,不分伯仲
JsRMn,一語不發
RDuWe,庸人自擾
QoSsb,小家碧玉
MveNu,十里洋場
JaUpi,不知怎的
1jeKvB,赤膽忠心
R3OBu,官運亨通
12vig3,滿腹經綸
12URtX,潔身自愛
16tOzL,知人善任
160qtI,盛名之下
VMLkg,掩鼻而過
Mtpom,卑躬屈膝
1h5p2s,講信修睦
11fvD6,深山密林
18swi1,空洞無物
1axbP2,綿綿不絕
OJMfQ,壯志未酬
RyH3d,左支右絀
1gYwW5,請君入甕
17axvA,眼觀六路
Lm3fH,功敗垂成
1caq6A,興利除弊
1ksY1A,過河拆橋
M9ydO,含情脈脈
TlHkm,悵然若失
Tshj6,憂心如焚
Tx4KR,急起直追
14PXqz,玲瓏剔透
18GArx,神魂顛倒
MEpMv,名聞遐邇
P5oFE,女扮男裝
Tgq3j,得道多助
14Vt5x,甘之如飴
1733nq,相視而笑
1c8gvf,臭味相投
1sAu0e,鼓樂齊鳴
13RuaC,狂妄自大
1pMpQ3,高出一籌
1l07kS,醜態百出
1cQhTb,苦心孤詣
KIDvn,凡夫俗子
17viio,破綻百出
16nuyC,真心真意
MaHD0,只此一家
17GIF1,禍從口出
VDcex,探頭探腦
Jc0JQ,以弱勝強
1kpXDp,身體髮膚
INgIX,九天攬月
1b06UA,纏綿悱惻
XEsuA,月黑風高
10mCcG,歷盡滄桑
1bxYt5,缺衣少食
1pDQrw,飛蛾撲火
W34iA,普天之下
12gpYV,潰於蟻穴
LEtsO,十拿九穩
RILTD,山高水長
1c4Qey,與人方便
YHDrI,歡喜冤家
PhJ91,如泣如訴
LpXnP,千古絕唱
SyDhl,恬不知恥
Iswe3,一分一毫
XSdwX,楊柳依依
1dJ4Cs,落日餘暉
12SfJF,滿面春風
IJYON,下情上達
1o1JtU,鞍前馬後
1pcFLb,飛沙走石
1ptAv1,養癰遺患
Prmjz,大而無當
1oyt3U,面目猙獰
1mSja5,長吁短嘆
11PieE,浪跡天涯
UY07w,振臂一呼
1jSgV9,逼不得已
OxY3k,夜不閉戶
1g0MNE,蠅營狗苟
1cngby,自我表現
TEWJw,懸崖峭壁
JlBKM,下自成蹊
OdsgK,堅強不屈
114DCK,洋洋自得
1fYIHi,蠻橫無理
16SGJp,睹物思人
W78Sy,明日黃花
ML8oU,另謀高就
1kMWlY,迂迴曲折
NOMql,四海一家
162737,百年難遇
TbV7o,怵目驚心
1rlT3Q,鳥槍換炮
10llqA,殺氣騰騰
UWXTU,搖搖擺擺
1di2OD,萬全之策
PqNqP,夙興夜寐
1oltiR,頑固不化
1nSMsU,離心離德
TrT49,恍若隔世
1jSDVR,逢凶化吉
Qkzqp,威風八面
JlTPY,作威作福
Rw6GL,巾幗英雄
JkORI,以暴易暴
KMmTa,前人栽樹
WNzV9,東拉西扯
1fzCgl,衣來伸手
RnTYE,師出無名
Ts4XD,成人之美
12jAMl,滿盤皆輸
XHr3z,桃紅柳綠
Qg1Gw,寸土必爭
1olyUq,隨聲附和
18qfEd,秀色可餐
KYkU9,先禮後兵
KMIRM,信馬由韁
1e4mRL,萬箭穿心
11gFGW,浩氣長存
Xj0Y8,桃李不言
19mS0n,精妙絕倫
U7JNe,成王敗寇
YvlVD,欺人太甚
Y1BuL,楚河漢界
Ja7vP,不留餘地
PgLqw,姑息養奸
1bt1Gk,耳提面命
UNnAu,戎馬生涯
LEbHV,兵馬未動
Qc2NG,孤掌難鳴
1bCGeA,聰明能幹
Ke3HM,仰面朝天
1iBmmu,貧病交加
Jdgh4,以德服人
1ocFS4,雞犬相聞
1opiP0,陰謀詭計
VGsJs,明修棧道
WocsD,替天行道
10uvNn,毫無二致
WePsy,朝三暮四
IWHnN,不求上進
WwyYU,暴殄天物
M5wKb,古木參天
LBzWM,取之不竭
UjTlq,拱手讓人
1fdYKK,蜂擁而出
RsOPT,巴山蜀水
L15kb,冰清玉潔
Oxxtk,天下大亂
R5OuA,山盟海誓
KGRws,出口成章
IoEtb,七七八八
Xu1XE,書香世家
11BnKf,淡然處之
JEGi7,保存實力
1c6sEc,自命不凡
1fzY0a,衣不蔽體
WzRvP,有所顧忌
1mT8Mv,閉口不言
18Aw6N,立此存照
J7V8b,不疾不徐
LHgQo,反咬一口
18E08F,笨手笨腳
18INOX,窈窕淑女
18PcqF,稍遜一籌
1m44Y9,金雞獨立
1bUD8c,能文能武
QqfeV,客死他鄉
ONULw,天崩地裂
RL5Re,年幼無知
LO1qs,吊兒郎當
MY3YL,善有善報
L9YgV,剛愎自用
Mfqea,南腔北調
IPfAD,人以群分
PEBJJ,好自為之
WdQ5Q,有來有往
M9iuK,命喪黃泉
1mOdav,鐵石心腸
Jw4Bf,今生今世
K7SGT,人非聖賢
RlK1y,尖酸刻薄
1edKqX,落花流水
1bVFzb,耳聽八方
MBFBp,喜不自勝
WEAg0,望文生義
T6a2N,情意綿綿
1krGHx,遇水架橋
Mk05U,包辦代替
1k0iFw,逢場作戲
WyN28,旁觀者清
1oxmmt,面目可憎
Rx43e,小鳥依人
19Q7iH,緘口不言
15T7bI,畏縮不前
1bOHNt,胸懷大志
IVoNL,一決勝負
JntBF,一葉知秋
Jm2Dp,互為表裡
J0IVM,井底之蛙
1gAB9m,裝神弄鬼
13v7Yi,物以類聚
1pHFYO,風輕雲淡
1oSA60,雞飛蛋打
133qcW,無往不勝
Ozeko,因陋就簡
WcvUU,敗興而歸
1pWycG,魂不守舍
Pw2nQ,媒妁之言
LfWjF,功德圓滿
16gK4e,略遜一籌
IDqNA,乘其不備
1dsPsl,良辰美景
JEfv0,以眼還眼
IqhJB,不乏先例
19UvEM,紫氣東來
Qj44w,寬宏大量
1puF9j,風華絕代
LGuic,口傳心授
WJcyJ,杯弓蛇影
TSAsw,惡語相加
PVqLY,如醉如痴
1l9jGV,適逢其時
J7bmU,三番兩次
IpRV0,不上不下
K0FBc,低聲下氣
12lNb8,火上加油
Wzfin,日薄西山
16IyMy,目空一切
1p91vB,項莊舞劍
JMM1R,倩女幽魂
113J6U,泥牛入海
TyghS,心高氣傲
1nFU3s,降格以求
MjMf8,唇亡齒寒
1nyk4f,難以名狀
1pBHzr,香消玉殞
Qa6On,富國強兵
TaN7o,愛屋及烏
IY4gi,不求甚解
QCIIs,屈打成招
TWImO,拔刀相向
18qgxt,稱王稱霸
14wdA5,獨步天下
1n8ugY,門戶之見
LYupc,名山大川
1cndwJ,自掘墳墓
Sxjgq,志得意滿
M2AHl,半真半假
KIfQU,分化瓦解
J8RDY,人微言輕
IOxLN,一星半點
Jwb5h,不識時務
T5Jji,心腹之患
UIzcz,才貌雙全
OypbW,天下無敵
18dG0x,窮奢極欲
X8EXA,有色眼鏡
Q9G1X,少不更事
ONhh5,外強中乾
1knjRM,身首異處
Lnu59,冷若冰霜
IpBgM,一人得道
14tNBw,獨木難支
SAbmV,忘戰必危
WKntk,旁門左道
1i8Olq,販夫走卒
QrMqd,學無止境
N56HW,口齒伶俐
K9Dtc,二龍戲珠
NyKze,坐井觀天
1i9vUU,說風涼話
MTmJA,喜從天降
LXTAa,同室操戈
1rc1dg,魚躍龍門
1hJHa4,話裡有話
J7eBu,不甚了了
M8aSn,力透紙背
1b8CV6,聊以自慰
M9XXL,反求諸己
Q52rY,完好無缺
1hSLkn,調虎離山
1goafn,血肉橫飛
1mTMRC,開卷有益
Yyaab,欲加之罪
1naVJ9,門戶開放
107lO3,正氣凜然
JTrFT,偏安一隅
10Xxm4,水能載舟
1h5QSe,解甲歸田
1gKphM,覆水難收
ILq56,七拼八湊
1lGPBr,酗酒滋事
UMcSD,拈花惹草
MKEzJ,吃裡扒外
1nxY5e,雜亂無序
Wg15V,明火執仗
OxaAP,天下一家
16LPFA,皇親國戚
JP4pm,俯拾即是
SvmPv,廣種薄收
JntuK,不自量力
MM2BV,告老還鄉
1boI77,聲如洪鐘
1gFPNE,詞不達意
1c5OuC,聽而不聞
IMm3L,予取予求
1dOv80,荳蔻年華
NJstd,因果報應
15FOWR,痛快淋漓
Wd8oe,放虎歸山
WWIBI,有福同享
1oxALp,風俗人情
14iwaF,特立獨行
M1njn,同床共枕
IOxvE,一擁而入
1oMnk5,養兵千日
PBiPW,妙筆生花
1cIE3T,苦大仇深
KAQ71,出以公心
1iC91L,路不拾遺
1kEWHR,過眼煙雲
L8y3s,功夫之王
UH2Gv,手足之情
12uTJK,滿腹狐疑
XsrmE,本鄉本土
1c6YWY,聲色俱厲
R7L1x,家道中落
1od7gK,面授機宜
14fDKq,物競天擇
UsKqD,探囊取物
16GWGq,病魔纏身
Tda6U,強顏歡笑
YAwCK,正人君子
JyGf3,人神共憤
JaiVA,不知下落
U7uC7,惠風和暢
Wx7Vy,暮氣沉沉
LCExe,化敵為友
1kkBS9,輕言細語
10cbDA,決一死戰
YRsQx,毫不介意
XjwXI,梳妝打扮
Quiwb,安然無事
Mhyj7,否極泰來
QNOIo,屍橫遍野
XW0N7,楚楚可憐
WDnND,春色滿園
JqtEL,一表人才
1h6HY7,謬以千里
1d4Eqt,自討沒趣
W0PIJ,旭日東昇
SyR36,彈無虛發
NuohF,回天無力
KibVT,克勤克儉
JF7RP,來日方長
1qx2xh,骨肉相連
KOepY,公正無私
J4150,伯仲之間
TfgcW,惡有惡報
LanBk,光芒萬丈
MNcT9,呆若木雞
LzWbW,博學多才
1syg43,黯淡無光
VIPxk,擠眉弄眼
1oH51P,順水人情
YKjpl,橫生枝節
OVCQs,妻兒老小
Tmo2a,愚昧無知
1ml8na,錦繡前程
1c8M4R,臭名遠颺
1gIxvK,見機行事
16CjG0,疾風暴雨
Qsmfp,少年老成
LPtbX,南橘北枳
LJVF2,千斤重擔
KkrP9,兵來將擋
ITGGC,五大三粗
1o6p1M,閉關自守
126fzU,清規戒律
K7Ime,儉以養德
Yn1mU,橫平豎直
WwSaQ,時移世易
IWEGP,仗勢欺人
XfEsd,有言在先
TWIdy,患難夫妻
VBBww,改換門庭
L0BHP,全盤托出
OJ34c,壯志凌雲
14LErv,玩火自焚
Uq516,戴罪立功
JFY3V,以禮相待
VAeDW,掐頭去尾
1cwAMH,至死不渝
136qpu,無所不有
1d5qYY,與虎謀皮
NCNdc,國家棟樑
Rg4yI,密鑼緊鼓
LE5hE,取信於人
QXRal,安貧樂道
N32Tz,嘮嘮叨叨
TWkgc,患難之交
KBWih,刀下留人
1oA04R,雲蒸霞蔚
17x5Np,破罐破摔
14Op9D,牛鬼蛇神
M1fpg,勞苦功高
IYVQs,以卵擊石
KDAVr,兵強馬壯
WE1Nt,有案可查
KgK1w,先公後私
1krX4k,過江之鯽
1cKfMO,膘肥體壯
1tnncB,默默無語
Vlknk,收回成命
WFrwn,有棱有角
1jO2xL,迴光返照
181a0B,空口無憑
X0IJM,枯枝敗葉
QIc1x,孰能無過
1r6aKS,高高掛起
106oAR,橫行無忌
18SfwR,穀賤傷農
LYHDR,君子之交
17sxTU,碧水青山
UPnrm,握手言歡
1cwEu6,自求多福
136rzf,無所不知
LvVKW,剛直不阿
KBcSS,出人意外
MtohT,唯命是從
Ix2tB,不可捉摸
114IUG,沒精打采
1ohB5p,關門閉戶
J6VYg,三男兩女
KtPGJ,冤冤相報
10gENq,決勝千里
1orr0C,離群索居
10JjkN,江湖騙子
P4uaB,城門失火
JtVrC,不言不語
SEzUT,弊絕風清
OXLcn,大智大勇
J71ff,低三下四
1clbGl,自成一家
TkDKD,應付自如
Ix9K7,不咸不淡
15XBSp,直上直下
JjyPl,以文會友
L5uBr,勢不可當
PJwQ2,失道寡助
17Jb4X,禮崩樂壞
RmKj1,寢食不安
IAYxt,九五之尊
1clcxT,自成一格
1ocq4Q,除舊布新
Uw46c,憐香惜玉
IqQTO,三人成虎
UrN9D,振振有辭
1ssObP,鷸蚌相爭
JWPaM,偷天換日
M2Lej,同心合力
IuhCg,不共戴天
161atw,目光炯炯
12u6m4,潔白無瑕
1h4qpE,言為心聲
1saTlB,鳴鑼開道
1nPsYI,雄才大略
Iqp5c,不乾不淨
1dawIi,舊話重提
X66h9,晨鐘暮鼓
VKmzo,時不再來
K4aT6,傾國傾城
PEYiH,如花似玉
R3Esz,小腳女人
ThhpR,愛惜羽毛
1d328d,茂林修竹
16f6rf,百步穿楊
JeW2e,五毒俱全
1k5yVY,躊躇不前
WlBc3,未卜先知
MJI7T,含苞欲放
161m1W,百思不解
Mk1hH,咫尺天涯
12SXC9,滿面紅光
K5ehH,傾囊相助
VzJDr,排除異己
SnNh0,志在四方
UwRry,才華出眾
14pv9t,獨攬大權
ICW9B,一定之規
OtuNw,垂簾聽政
K4zmh,以逸待勞
1bJW7K,腳不沾地
Q7muI,安家立業
SKlMG,後生可畏
17Dt68,神情自若
PfS9q,天理難容
Lvav9,半夢半醒
1d8sXV,自賣自誇
1e3CNT,萬籟俱寂
VLU6B,於心何忍
Sb2tJ,徒勞無益
1lk150,邯鄲學步
1dkgt9,自食惡果
OQsBD,大徹大悟
1bL6Yc,能工巧匠
12Q0f7,無可估量
1khSDC,輕裝前進
NQ0ud,四海為家
16Fvax,相生相剋
Qmpat,居功自傲
1nQRxD,青出於藍
IP7WV,今不如昔
T4uc5,意在沛公
WkiVN,有口難辯
UsUJM,指桑罵槐
1pJFQx,養虎為患
1gY5iE,言歸正傳
IGSb9,三寸金蓮
XvUCO,格物致知
WV4XN,時運不濟
SVVxT,心神不定
10EuIs,水火無情
JCrMJ,似水流年
15St9B,男耕女織
WHt7r,望梅止渴
1bAXXQ,羊腸小道
1cfTA2,自尋煩惱
1eTo9M,蛻化變質
LmoWv,勞師動眾
VEomW,接風洗塵
V0CcG,拈輕怕重
17GNIN,秀外慧中
1c1QAF,自不量力
1gRgGG,說來話長
1oTUia,風捲殘雲
Vj7BS,敢作敢當
18gH0e,窮山惡水
1sYtn2,龍爭虎鬥
UprSs,拚死拚活
163YvG,百折不回
KvDKT,傲然挺立
Q3Ilq,學富五車
Jpgwd,俗不可耐
11939b,流水不腐
10DTVI,民生凋敝
Tfsnz,思緒萬千
TFlOa,所向無敵
PbrdS,奔波勞碌
Nih9D,因人制宜
S09Sh,彈冠相慶
IsVhI,不以規矩
VHmuU,方寸之地
TKJ47,成年累月
1c6UXe,群魔亂舞
1mF1IH,鑽木取火
Owa9c,壁壘森嚴
11lJ5K,清心寡慾
Izobu,下回分解
1oyxA4,陰錯陽差
KdVai,仙風道骨
K3jJD,以身殉國
1sNKCR,鼠目寸光
16PRJM,瞄準射擊
1kODxu,逼良為娼
Lt1Ap,千回百轉
12fpnN,淒風冷雨
1649uP,益壽延年
MpyjT,又紅又專
11u7we,涸澤而漁
160m3l,目光如炬
1erj4r,處之泰然
JE6PR,五花大綁
1m7riV,針頭線腦
IGMYm,一張一弛
1caCsv,至善至美
1aLedn,綿裡藏針
JAhQU,不越雷池
UkYfl,手眼通天
UatkJ,愁雲慘霧
JgAtz,不絕如縷
JC4aM,一錢不值
SwuL5,心慌意亂
1iBGpQ,貪生怕死
RyxSd,庖丁解牛
1dPGAy,苦難深重
14otWV,狼煙四起
JH2vY,亦莊亦諧
1tfVi7,點頭哈腰
1msaTc,鑑往知來
14wMnD,猙獰面目
OWB5L,女媧補天
VO7Jm,春去秋來
RcH3L,少見多怪
WiXck,早知今日
MLdo0,吃裡爬外
R6Uuz,富貴吉祥
SXOK6,惜墨如金
Mwf8e,南郭先生
INkqP,不懂裝懂
1sxPhH,鼓樂喧天
SKjvS,廣袤無垠
141Tfn,照貓畫虎
1177oD,永誌不忘
Lu7n9,光陰似箭
1qW6om,鳴冤叫屈
1nTuAb,青史留名
1d4sxj,自視甚高
X1nmW,是非分明
17WTTa,破除迷信
RyUk6,山重水復
V6m3b,擇善而從
RnPWO,州官放火
16xoiU,眼明手快
SnIDq,志在千里
1lGTvp,酒酣耳熱
1kWU7l,遺臭萬年
JbS8N,不祥之兆
WO0N3,東挪西湊
1pO0JX,風雨如晦
VSqga,搖頭擺尾
11YM6f,潑婦罵街
SEDcs,必有近憂
1pNBeu,風雨不改
Iwswl,不可勝數
JmFnN,侷促不安
L5AuC,儀表堂堂
10E7RD,欺軟怕硬
1j6VW3,趨炎附勢
14JgAl,狗血淋頭
1ctFhG,與時偕行
1pUhWK,飄飄欲仙
JNqtX,偷偷摸摸
IBGD7,一夫當關
1sGanQ,鶴髮童顏
OH8NO,大地回春
10r028,沸反盈天
IIJMg,事不過三
1nxjpv,開疆闢土
WF4ky,有條有理
SWkb5,悔恨交加
13uyhD,牛刀小試
11v7lp,洞若觀火
IXMon,一決雌雄
18qkss,種瓜得瓜
14AMlq,玉樹臨風
QNSCM,封疆大吏
YRzOw,毫不利己
KAK0r,出乎意外
JyLmr,伯樂相馬
IIBSW,一息尚存
1oScjf,雲開霧散
1513r7,珍禽異獸
10K3AO,比肩而立
19zlm2,精明強幹
SorQc,心如止水
P0fd5,大智若愚
JICkp,仁義道德
1143fw,洋洋灑灑
1mm1Dk,錦繡河山
XsCLe,東西南北
XzauO,棒打鴛鴦
KxdvS,兩小無猜
JVxL6,做小動作
1m70F8,金風送爽
KFAPx,冤家路窄
TalCf,情景交融
SlpbV,左鄰右裡
1jrGQp,軟弱無能
1b89nJ,耍嘴皮子
1aew0w,緣木求魚
JHF99,仁者樂山
TBoA2,手不釋卷
Xn3T1,格殺勿論
1e7UUC,莫逆之交
19a7Gh,等米下鍋
1hoBMm,變化無窮
QatOc,寶刀未老
LiwyY,別無他物
10U5n6,殺身之禍
1cvMV4,苟且偷生
R0c0C,寥若晨星
133qa0,無往不利
RUwDU,庸庸碌碌
SQ2EB,心猿意馬
OEmTS,大呼小叫
IU90s,人同此心
10LuIj,河東獅吼
P2Khu,大模大樣
QECFF,專橫跋扈
11vtL1,淡泊明志
ITWE7,人各有志
LLPTi,動盪不定
119cta,氣貫長虹
IUgtv,以人為鏡
16xKzH,眾星拱月
QcGo8,嫁禍於人
QMhx0,對牛彈琴
QG2H1,尋死覓活
1nE54C,難分難解
Oltcu,地老天荒
1pR513,飛針走線
OQ3g4,好勇鬥狠
1oYrFg,頭痛腦熱
1sHjJI,黃粱一夢
O8c2k,國破家亡
YLA4R,橫眉冷對
IOqgt,一時一刻
17Xe5p,積土成山
10GJ5H,泰山壓頂
OYR8X,塞翁失馬
1pNiLG,驚恐萬狀
M1MY5,勤能補拙
14NRAY,玉石俱焚
1diYfS,臨陣退縮
X7k5M,有膽有識
W42ky,曉以利害
1ighNi,賓客盈門
WiQum,斷絕往來
1s4bWi,黨同伐異
MvJd1,吃穿用度
LMiun,分進合擊
1pYfzU,高山峻嶺
M3JLR,味同嚼蠟
JgHBV,五洲四海
KIXoi,內查外調
OysAe,天下無雙
JH1ev,人而無信
1btWpa,老氣橫秋
VFbW6,文弱書生
OJcbz,女中豪傑
IEUgQ,不容分說
1hAVbC,變幻無常
138YpG,炮火連天
JrWLk,人無遠慮
1jTQmy,遇人不淑
17RJXW,破銅爛鐵
ISYBD,代人受過
Q9Bg0,寶刀不老
14UyCJ,甕中之鱉
1eCbJb,蓬蓬勃勃
SGXqe,平鋪直敘
1sV5og,鸚鵡學舌
15sxPT,生死之交
103VBK,水來土掩
1hVXzR,評頭品足
1lrk5b,金玉良言
PXwt0,孔孟之道
LGmmA,刻苦耐勞
OXR21,壽比南山
LYThk,君子協定
1p6al7,青雲直上
167vNm,白日做夢
M5IjU,口服心服
1cub6N,聞風而至
XQq5A,樑上君子
IpIX3,上下同欲
INH8H,不打自招
XqpUI,朝野上下
PIarc,天造地設
VRCGi,文武兼備
O3XrN,報仇雪恨
Jc03V,事業有成
10zAYr,殘羹剩飯
18adNC,福祿壽喜
1leHAi,銳不可當
SODd4,悲喜交集
JjRFB,一脈相傳
MCpAg,名聞天下
INTho,人不犯我
1cg26q,舊地重遊
PF96B,如芒在背
Y15f2,極樂世界
15pgWX,當局者迷
M8Twj,命在旦夕
1ggY46,親仁善鄰
VkQdp,插翅難逃
19i2ow,立錐之地
LqPjJ,兵貴神速
JJpwq,三陽開泰
19F4U1,笨鳥先飛
YkyjY,棋逢對手
Wxpnu,有憑有據
1gIvtX,要死要活
KeXQi,傲慢無禮
1kDYku,逆耳之言
P7bXd,壁立千仞
1kydM8,郎才女貌
1pQ3OS,風韻猶存
MIJOm,單刀赴會
1dS0a0,英雄豪傑
KBg9t,出人意表
1h2T3H,誅心之論
10T5NR,流年不利
J92Xq,三省吾身
1dcxjV,色膽包天
19V4R7,精神百倍
OWISQ,外柔內剛
YOsqo,比上不足
1h0JAq,談古論今
1k7ESl,近朱者赤
Ivrk1,一命嗚呼
1ld4uA,逐鹿中原
1d4FYa,至親好友
UHTL3,排斥異己
XjVOk,暴露目標
L2H7m,分文未取
Q3u10,定國安邦
WXpJ5,林林總總
10nGgN,江山如畫
15SOCo,甘苦與共
Jg4pl,久病成醫
W5RjT,敗絮其中
TJCsc,承先啟後
15UDDg,盜亦有道
1hn567,變動不居
MDqFR,同聲相應
12h8hv,淒風苦雨
OLsYf,好人難做
1k2aSs,遺世獨立
L9ni5,出水芙蓉
QezXC,將功補過
1gsaRt,言之成理
JhPQP,七老八十
19uXPe,筆走龍蛇
SqVNA,從惡如崩
Umo88,掛免戰牌
18PJ6M,種豆得豆
1nACXc,長篇累牘
1d1Rmc,苦樂不均
11LKih,滿天星斗
ScmpQ,心中無數
SwNaq,心懷叵測
1dslD1,萬夫莫開
SU0uF,怒氣衝天
TEXUG,手到病除
1rSqSC,鷹擊長空
1nij96,長江七號
10Blzl,民為邦本
MCdU2,同聲同氣
1alFp9,紅袖添香
JTy5Y,人財兩失
Iwj53,不可企及
JGFz4,一面之交
1nX8Iy,零打碎敲
NK1AJ,坐失良機
1plOXi,饒有興味
TbwlJ,從諫如流
1mcdMI,鑄劍為犁
10o1bX,死皮賴臉
1bR2n7,胼手胝足
X8rti,暗送秋波
MwMMs,古聖先賢
PdkNA,天理不容
1cINKW,舐犢情深
1q4XFw,飛龍在天
TJBvr,恩重如山
13pfAu,無牽無掛
Tiz62,感慨萬端
1h6RmB,誠心實意
P1Git,堅貞不渝
KdMTt,先人後己
1lpygD,金玉其外
NMN73,在所不辭
SRygM,惟利是圖
10qf85,正經八百
1dijQ0,良藥苦口
KUalP,修齊治平
T6sFw,怒目而視
OYIAu,大有所為
OvLVI,圖財害命
OUiEb,女大當嫁
11uB1k,池魚之殃
OIKYx,壯心不已
1jLxYF,輕歌曼舞
11yNqY,沒頭沒腦
Jbor6,不知深淺
KzWrU,全心全力
1nL0qY,難如登天
1ic1Dd,賭咒發誓
IpTwq,一介書生
15ddyy,男大當婚
1l2KNm,重巒疊嶂
YO13E,殺人越貨
1dFdRh,草船借箭
1bKXUF,罪責難逃
OMItQ,奮勇當先
LtD7w,博古通今
SeEgb,從善如登
Sxcsy,心懷忐忑
16LynK,看破紅塵
Y1wDL,梨花帶雨
15w0lf,男歡女愛
1nWWiw,闖蕩江湖
JjAso,以攻為守
Iy6wQ,丟卒保車
13Ahwz,爬山涉水
INDcH,一文不名
1cUKiB,苛捐雜稅
SbWVc,心亂如麻
O3lvT,噴薄欲出
M9v01,半絲半縷
1hAX94,變幻無窮
18luJb,積沙成塔
15WiIT,目不斜視
T1xUI,心細如髮
12yRwi,烏七八糟
1taSAr,黃雀在後
VOlXT,春和景明
VNJO7,攻無不克
1lp7fw,金無足赤
TMxhH,戒急用忍
1njLI7,鐘靈毓秀
LIA45,半斤八兩
15E3ti,生生死死
Owsgt,土豪劣紳
1j7HWU,跳樑小丑
169kOV,略見一斑
174OkS,相貌堂堂
1e8U5B,蔚成風氣
TtyJk,成也蕭何
1k0kvm,遠交近攻
IzenL,一團漆黑
T2gtz,怡然自樂
10dmia,毛手毛腳
TteA1,惹火燒身
1oQpd8,風急浪高
QVp2N,孤軍深入
OK0V0,天外有天
O0Mu3,回眸一笑
1sDxUd,鶯飛草長
PkNWY,好為人師
WuO4c,曖昧不明
17jl4a,眉頭一皺
R4VTg,小肚雞腸
IJLYY,不恥下問
18aeKJ,神經錯亂
JRFLJ,事過境遷
1j9uRw,身單力薄
10zwIH,殘羹冷炙
WxQPM,日落西山
QQLDJ,對症用藥
Waubw,普度眾生
TsIGE,慷慨就義
IXrzR,五子登科
11pQ4F,洗耳恭聽
1ox9YR,面目一新
VyeEC,文如其人
1oHL6v,顧影自憐
MosiR,另眼相待
RlBtT,對酒當歌
17Vuad,積善成德
1c53tS,舉世皆知
18KhVr,節哀順變
1bLqwl,義薄雲天
J8h2L,三皇五帝
1o9ojR,閒雲野鶴
10H6Ef,汪洋大海
10RKgY,洗手不幹
14qSOa,狗皮膏藥
VubFQ,方便之門
Stusc,怪力亂神
1jWiS9,蹉跎歲月
PnfA6,大紅大綠
LOmCs,各取所長
TQSQk,打小算盤
1c5URa,臨別贈言
1mlt5r,錦繡山河
JtnRY,何患無辭
WYj65,柔情蜜意
1p4uHN,風流人物
OzAHr,失之毫釐
K0tDR,何罪之有
SvJXp,徒有其名
LK3UR,原封未動
L5MVm,刀槍入庫
OP8cu,天府之國
1oAfca,陰陽怪氣
1bYpjK,膀大腰圓
QcyJy,家學淵源
KSiF1,前呼後擁
Q5QMv,孝悌忠信
19wwXq,終南捷徑
Ovnly,壁壘分明
176PXR,碩大無比
1qpkcE,馬革裹尸
Xzp6r,望風而逃
1k0Vow,近悅遠來
TeGPl,悄然無聲
Qljtc,封妻蔭子
Wmf2u,李代桃僵
1akXid,纖塵不染
11NrUN,溫文儒雅
1lqAbA,金玉滿堂
JWA0k,以觀後效
1kMRKa,逸聞趣事
NsAes,地久天長
LpFsC,列祖列宗
1i55zp,貧困潦倒
ID4pz,一家之言
1k1JbJ,遮人耳目
T1Gcm,彫蟲小技
JxB6M,三跪九叩
15YTHw,百年大業
17P3v7,神氣活現
1f6u9w,蝦兵蟹將
PS740,大顯神通
11p4gB,沃野千里
MKWn9,反躬自問
JJS9G,不顧大局
1gH4Xt,話中有話
KVnKk,利害得失
O7CXb,堅壁清野
LqfF3,千叮萬囑
1abiHq,精衛填海
JQOAL,人言可畏
J3xEb,一片汪洋
JECXW,一長一短
R6uB1,家賊難防
1cq3bB,耳鬢廝磨
QmRql,實心實意
LC5BY,危如累卵
YzIJC,正中下懷
OUB1B,始亂終棄
1q4YJj,鬼哭狼嚎
11BDR6,清湯寡水
SdyKE,巧言令色
1iRfxt,負荊請罪
1p7gsP,靡靡之音
1oDq6q,風吹浪打
OKTS5,圍魏救趙
J7Jso,一目十行
1mWXF7,開國功臣
UGFuN,披肝瀝膽
1nO6vm,震天動地
KtFK5,公報私仇
Ppi70,墨跡未乾
13Gbyg,父慈子孝
SGmWC,引而不發
LVGa8,吹吹打打
RSdhI,張三李四
Pzbjg,奉若神明
S0n4N,張口結舌
UBvuF,損兵折將
1lSiJl,重起爐灶
1gQhMv,視為畏途
SjxvS,徒子徒孫
1qsSK1,首鼠兩端
R0jfD,守身如玉
VDqFq,斷垣殘壁
NCbCa,國將不國
J2tlA,一片丹心
104a3W,歲月崢嶸
1bKzRY,能屈能伸
1eC9Qp,萬馬齊喑
1am8VP,精銳之師
X1GIm,枯木逢春
TyuG2,成名成家
VyJv3,日久天長
18eOlO,立地成佛
PQAmk,安不忘危
OycIF,天下歸心
PxCWp,如箭在弦
11UlXK,游移不定
PnY7f,如狼似虎
QzP6j,孤立無助
174kuK,砥柱中流
Mossw,另眼看待
1nQmW7,長話短說
LIpnD,吆五喝六
R7W48,學非所用
1a19CG,紅男綠女
MhqGg,同氣相求
16fLnm,眾口鑠金
1cvVBa,臨機處置
PhSaN,天知地知
1eriNR,蒼翠欲滴
18Iccy,積習難改
IR3Gq,一柱擎天
1gDLK9,言多必失
11Ob2c,湮沒無聞
1g7m4F,螳臂當車
1gQYgS,見獵心喜
Lo9M7,千刀萬剮
17B5lK,福如東海
IP9C5,不敗之地
1biNbx,老成持重
106J8c,橫衝直闖
JaWmC,不知所以
1c3Ua4,聞者足戒
1aE5z0,置之腦後
LJ7n5,初試啼聲
KGduh,出口傷人
JAgp0,一通百通
1axacU,綿綿不斷
1okXdT,阿貓阿狗
1csHrM,聞雞起舞
Vzr0R,敝帚自珍
1cnCBR,色厲內荏
130CL1,火燒火燎
Q8d7u,富商巨賈
1cGI6v,自由放任
PmgV0,如烹小鮮
1hbdtE,親臨其境
WvkgM,曲意逢迎
NYTkA,土洋結合
1cyRhN,舉案齊眉
1gcW6l,螳螂捕蟬
146UBt,王侯將相
JcquW,丟盔棄甲
PwkVk,威武不屈
1aClXm,置之不顧
1qYiN1,鳳冠霞帔
18l68M,積水成淵
1gFu0U,蠅頭小楷
1aCbzE,缺吃少穿
OKkzK,夫妻反目
11FG9e,滔天大罪
10Dg9k,水火之中
1n45DH,長幼有序
XzPP0,棄暗投明
136r5a,無所不為
142BFs,狼子野心
IQGYs,三朝元老
1dhr8m,茹毛飲血
TsQT9,慷慨悲歌
1cm4ry,耳順之年
Pn0AV,姿態萬千
YISWU,歡呼雀躍
TDTz6,打入另冊
VtYq0,搜腸刮肚
IQPWT,付之一笑
Jz36D,一路風塵
1bDcO9,聰明過人
Sq3ya,從心所欲
1nE2q8,難分難捨
RkuY8,小道消息
PMTEh,孰不可忍
1rotoE,魑魅魍魎
MIo9D,只見樹木
15ilRL,獨霸一方
1nJRYd,隱忍不發
IzS50,不在其位
1btKqX,胸中有數
1j1O4P,超然物外
Nue0b,四大皆空
1itYaQ,買櫝還珠
1oPQNG,雞零狗碎
1oiUxk,阿諛逢迎
15S9CM,生花妙筆
ICQ1a,一字千金
Tvp5K,成何體統
JdeVo,以怨報德
LTb0G,千溝萬壑
SiBbz,形影相隨
1jQV5t,近墨者黑
WCaBM,本性難移
INEKQ,一揮而就
1eJkQi,虛度年華
1nwt1K,閉目塞聽
WbMcG,救苦救難
KR7eS,分家析產
O4mF4,垂暮之年
TYxgu,拾人牙慧
1djKWC,自食其言
Jg2He,三綱五常
QG1Wr,尺有所短
LTIPF,各奔前程
1sJ3qH,黃粱美夢
1bzpMy,肆意橫行
1gBUiz,表裡山河
1l2cnk,金屋藏嬌
16ec0L,相對無言
Qxozw,寸有所長
MKl6W,嗟來之食
Jz79a,不足為慮
SrW1L,急公好義
VtHhH,新仇舊恨
1idW8d,貪心不足
13aUB4,焚書坑儒
1d9QpP,若烹小鮮
1oEcNz,食不甘味
10tuGE,油嘴滑舌
L1aco,全知全能
NojmI,國仇家恨
LhOMs,力所不及
1cFmuW,花容月貌
NG2SI,坎坷不平
TUzwV,惡貫滿盈
Yn38C,橫徵暴斂
JH9Fw,人老珠黃
1gXSQb,言歸於好
12i10x,漠然置之
1gNTI8,誤人子弟
Ts4He,愛民如子
LF0fC,剝繭抽絲
O0qeB,困獸猶鬥
T1OGy,必經之路
19fdJy,立身處世
NFx0L,喬裝改扮
IRweH,不敢造次
LMG8a,同出一轍
1nJt7l,震古爍今
13qA58,爭名奪利
1hlBu4,言者無罪
VKNf7,放浪形骸
1l9ukL,選賢與能
L0Jsx,六畜興旺
1lrjfl,金玉良緣
Un9qh,戴綠帽子
JmbPy,作如是觀
QgGDX,孔武有力
TDxVH,打個照面
LHlpO,卷帙浩繁
KHGVW,備而不用
1oD64Y,青紅皂白
144Xbp,獨出心裁
1et9ly,萬里迢迢
ORd0y,大恩大德
1hqmcv,讚口不絕
10AtWB,江東父老
19dVNe,等而下之
LMEYn,南柯一夢
10FFew,江洋大盜
QMwOr,山明水秀
1oHj03,風塵女子
1oivxz,面有難色
TWQhI,披堅執銳
11L4GT,渺無人煙
P6KzM,天淵之別
KNyVO,公正廉明
M0b1V,君子好逑
15AS1M,當替罪羊
1o4SNs,閉門思過
16Ine3,眉目傳情
Vw8j0,攻心為上
OXE8s,大敵當前
TBS0e,愁眉緊鎖
1tfDWO,點頭之交
VkQOw,插翅難飛
ITz5X,以一當十
KnwPd,修舊利廢
1cELJi,苦口良藥
1gwQuK,見慣不驚
QnXPM,就地正法
OUJzx,好好先生
Si0ja,得失成敗
WpmDr,有始無終
1lQmyX,重賞之下
15CYKK,生生世世
10J5mc,比肩接踵
14IrNR,狗血噴頭
OrhYN,坐臥不寧
J5uhL,人小鬼大
Lc5Q6,冷眼相待
16af72,甜酸苦辣
12XDFT,澤被後世
1cmiju,自我治療
Lksof,勤學好問
N0b0O,哀而不傷
J25zf,伉儷情深
1j5Awg,身價百倍
J7BfB,三生有幸
15WjQb,目不暇給
Tkdg0,情深義重
PQBGs,大音希聲
IBKAN,九九歸一
U1Kez,戶樞不蠹
Itif9,上兵伐謀
1t84rX,黃鐘大呂
1pccRN,馳名世界
16TKtG,睚眥必報
SsK4n,心寬體胖
IHTl0,不平則鳴
17UTID,秋收冬藏
1nyBBH,門禁森嚴
KDSul,冤家對頭
1dQU1W,英雄氣短
OV6Bq,奇思妙想
Q3eML,安土重遷
16zpo7,白紙黑字
JzaYa,乾脆利落
QnnNY,寡廉鮮恥
LzfDM,兩面三刀
Iojhq,一丘之貉
LMawB,凌雲壯志
KsS4o,內外夾攻
PTXnf,威脅利誘
IKbne,一手一腳
11QpUx,溫柔惇厚
18K0yX,窒礙難行
OClbV,坐言起行
19N9NN,緩不濟急
1qUjSs,魚肉百姓
1pu4Wa,馬放南山
141JwF,無關大局
VcBHs,放下屠刀
107uGi,死有餘辜
SvHHq,後會有期
YVRxj,死得其所
XW9Jr,棄筆從戎
Kx9lP,兄弟鬩牆
15yxlw,班門弄斧
1eRXVQ,虛有其表
1kfFAI,道德文章
TrBBB,意氣相投
WFL3f,文韜武略
1dRPOi,萬物之靈
1t30uq,鼾聲如雷
160UYO,畏葸不前
1c69nS,胸無大志
JDLq8,借刀殺人
OEAwN,外圓內方
10DOEq,欲速不達
Lxujc,千嬌百媚
MpQBb,同生共死
VEYJ6,擔當不起
SCqDk,心明眼亮
1qz1hX,駟馬難追
OJ8h8,大夢初醒
131jg3,漆黑一團
YCDDp,權宜之策
1iAOYT,趨吉避凶
1cqqNq,芒刺在背
1aNtlp,絕頂聰明
1tc7ly,點鐵成金
IOBxz,一時半刻
XvAjE,有頭有尾
1088IA,步步登高
ICfBv,三姑六婆
LrV5I,全軍覆滅
19UrMJ,精確瞄準
11QIPE,淡而無味
1ii6XF,賊心不死
1p9oYK,馬到功成
1srjiI,鴻鵠之志
14OujG,玫瑰人生
WbxQy,是是非非
19W4Wl,精神錯亂
1gsGSO,言之無物
1oWlRm,雞鳴狗盜
PQ6m5,嬌小玲瓏
W9oRl,明槍暗箭
SKf5J,怡情養性
11G7JW,淚眼汪汪
YQPXs,步履矯健
WKFwF,斑駁陸離
1isjO0,賓朋滿座
Qa8E3,富國強民
1gTd0W,見異思遷
MmCIM,哼哼唧唧
Slu06,從容就義
LVLLJ,出頭露面
1dRD2A,荒謬絕倫
S4wRD,後人乘涼
VAjYl,排除萬難
UBoyg,捐棄前嫌
1crviN,舌戰群儒
1hJUxc,詭計多端
UDJxw,捨本求末
Xwyrx,書香門第
UVEKA,才高八斗
W3GLz,敵眾我寡
1cpyks,老鼠過街
IymGn,不可言傳
IIJ5z,三從四德
SuQWk,忠孝節義
WfnOY,日甚一日
Yl7ST,業精於勤
17qThW,破竹之勢
YIx95,歸去來兮
Jm3iE,一著不慎
PQWoq,妙語如珠
QGUPL,學而不厭
RnDIe,寧靜致遠
TP6mb,打家劫舍
YMdkk,殺人如麻
MaO1v,包藏禍心
16GV8D,百萬雄師
SUcMA,愚不可及
12Qv90,無名小卒
1sUonx,黃袍加身
12t6kt,火力集中
Juw4u,五穀不分
IJnIm,不忍卒讀
SWSCX,怨氣衝天
JaFDF,不知好歹
10I8R4,歡蹦亂跳
1905mq,竹籃打水
1oaTPR,非我族類
MaShi,呼天搶地
10uoax,水木清華
TMTID,愁腸百結
LKXby,只可意會
ONB7L,如切如磋
1kPRDW,近鄉情怯
OMejP,如人飲水
10x9WV,死而無憾
11cFY9,海枯石爛
1eYURh,蕭規曹隨
180rEB,秦晉之好
J1FFf,任其自然
UM3Jc,戎馬倥傯
IWT6b,一清二白
1czCn6,臨淵羨魚
14Clm8,理屈詞窮
1ew6ne,虎口拔牙
L5Tg0,前思後想
M0LnY,削鐵如泥
OQikn,太平無事
12fngR,溢美之辭
J3Gf7,一片焦土
LdGn0,勢單力孤
V9DaF,抱頭鼠竄
11z90h,流落他鄉
1fkj3i,虎背熊腰
WrnHz,有害無利
Puh9z,天荒地老
YDonB,死不悔改
1o1Cbk,面如土色
11xytl,流芳千古
1jXycB,遁入空門
1haRec,觸目皆是
1loCcz,邪門歪道
OJww2,天大地大
1b9h25,老奸巨猾
VchgY,收之桑榆
IKNWc,七扭八歪
KWgMu,利害相關
MppKs,呼朋喚友
17ivzN,瞭若指掌
1o7z6s,雲泥之別
134B0M,無影無形
JeIBE,低吟淺唱
194E8P,粗中有細
SvvRc,忘年之交
KWHVT,力不能及
1jQzTc,踟躕不前
IuqUU,不分勝負
JcKKb,以德報德
Lwva8,十室九空
12JaVu,溜鬚拍馬
M0kki,初露頭角
1bnSo8,聚少成多
UyTgc,打落水狗
JJ7Ey,以絕後患
1tm9o0,默默不語
Jum84,人生如夢
LGLY2,十指連心
1oSsQT,離題萬里
Jzaul,乾脆利索
1hQgNR,譽滿天下
UY7Gg,擊中要害
14tFLS,片言隻語
JGLfd,七零八碎
1j6N7k,軍令如山
1qsmXQ,馳騁疆場
1372Sq,無所忌憚
VQsa8,昏天暗地
19Oo9W,經天緯地
P2Nt9,好心好意
UCiil,披紅戴花
10tmVm,法力無邊
Q7kDe,嫣然一笑
NiwIo,器宇軒昂
1gsOHX,計上心來
1nFjFl,電光石火
1ju91p,輕如鴻毛
1tkWfA,龍蛇混雜
J1HH7,今夕何夕
WxUS7,攀龍附鳳
1gQEz5,觸景傷情
10yHyK,歃血為盟
Vfq1I,攻其不備
OzrtN,失之東隅
1drt13,萬壽無疆
16fTkp,看家本事
XvVPP,有頭無尾
184fVF,秋毫無犯
1gX4wd,親痛仇快
WuoDr,未定之天
16QgUk,知我罪我
JjW2G,一脈相通
X2wIl,春風滿面
13ohoG,父債子還
MbLNG,吉星高照
13dirv,燎原之火
Kvpme,傲然屹立
15kCaf,生拉硬扯
Vkep6,挨門挨戶
UDY0d,扭虧增盈
Y9rht,樹大根深
JznFe,乳臭未乾
OxYt5,天人之際
10Hnop,汪洋恣肆
M0kLY,反攻倒算
Shizf,心口不一
Xa1g7,未能免俗
YI7Vq,樂而忘返
VBBdW,故技重演
OVmXe,天搖地動
IYRCm,人困馬乏
VhaVz,故作高深
10KhMg,洞天福地
Ma6R9,各有所好
1ofP0J,關門打狗
10rs2E,沒大沒小
Q1LuS,孝子賢孫
JS4YS,低眉順眼
1pkHhl,餘波蕩漾
WkixW,有口難言
Sojqv,徇情枉法
WaT0l,斬盡殺絕
IA3sS,之乎者也
OIFbc,天塌地陷
1qfDqP,鮮克有終
166GAL,痴男怨女
1g3wOn,血海深仇
Qq2eo,山光水色
Xd8n1,杜絕後患
JjQkG,事無大小
IFtQf,一己之見
PzJjq,士農工商
Lpncn,協力同心
13muL3,焦灼不安
19i7zH,笑裡藏刀
TyuzS,心驚膽寒
Jt0iw,一言既出
U6Kk0,我為魚肉
1heHYc,談情說愛
1oEVr9,雁過留聲
1j4ocA,財運亨通
KrJn5,兼善天下
SCurn,必有勇夫
1h0C9Q,謀事在人
TF7A3,恭賀新禧
17OaRu,神氣十足
MQxVr,喪家之犬
1bs4pY,習焉不察
MpcG7,哭天喊地
112XUz,混世魔王
1oD5j3,食不厭精
NtaYz,回天之力
1eVvIO,薈萃一堂
IOjN2,不成體統
1bLH6v,翩翩少年
18xbMm,禍起蕭牆
1rWnWA,鵬程萬里
Yqx47,橫掃千軍
Uer4H,承歡膝下
LY8XG,勞而無功
KNDnD,俯首帖耳
RycNN,左擁右抱
SXq59,怒火攻心
Jrpo8,人煙稠密
1gyDY4,見所未見
1h1czp,調和鼎鼐
OCW9h,四體不勤
1jH7Mc,走馬看花
1ptHcI,饞涎欲滴
Mk12A,各為其主
KpKD4,儀態萬方
1dIFkc,草莽英雄
R4mt2,尋花問柳
Jb36z,以己度人
WmvQD,敷衍搪塞
IPuWv,亙古未有
TRakp,惡語中傷
16k44F,直抒己見
IPXoC,不明事理
L3IVh,公私兼顧
1nHV7L,雄姿英發
XralE,暮鼓晨鐘
1hevMw,要言不煩
W6M6a,星星之火
KyasO,先憂後樂
1q6wB5,餘音裊裊
1inDFF,趁人之危
SmKOD,從容自如
MwIWu,卑鄙無恥
VXiT5,明德惟馨
WusqT,春秋筆法
1nJuyK,雍容大度
108Yyb,歲歲平安
10UtOF,洞房花燭
11rtlo,浮皮潦草
16wDhI,瞎子摸象
1jVvJD,踽踽獨行
1ilFIV,賞心樂事
17vKu9,礙手礙腳
136p5I,無所不及
1nOziJ,靡不有初
16lJIR,疾言厲色
1ntMiL,防微慮遠
PhIte,娓娓而談
10ewa0,毀於蟻穴
JV8OK,丹鳳朝陽
1cjtJN,老馬識途
1cL7xe,英姿勃勃
IXTT9,人地生疏
ICcJo,三天打魚
16NHzA,白費力氣
LmkL8,創業維艱
1hLjRI,詭譎多變
IVOBw,不死不活
JdcNa,七竅流血
1fR17j,裝傻充愣
PMCVC,好言好語
IHq0z,七彎八拐
1g8trG,裙帶關係
X3NQL,是非顛倒
14qTnN,珠圓玉潤
P1fY2,大有起色
LEayp,判若雲泥
13X8Um,狗尾續貂
10FDWy,汗流滿面
1kGAs9,遲疑不決
IHeIz,三年五載
1oY7FH,雕龍畫鳳
VsDer,新人新事
NMEW6,城下之盟
S2oYV,年深日久
1pISXD,高人一籌
KvOgn,借花獻佛
J7Nih,仁心仁術
JF3vI,借古喻今
J1V7G,一無所得
XtwMn,棄惡從善
1cdlWd,舉國一致
1oVkG3,飽學之士
JVAQG,付諸一炬
1ldRGq,金枝玉葉
152j2Q,用其所長
VDSij,摩肩擦踵
WAqbp,日行千里
LhK0A,動如脫兔
JCA5c,便宜行事
1fKBOF,行將就木
NRF1A,坐懷不亂
1n58H7,開山祖師
TRfBo,惡語傷人
15dx8t,男婚女嫁
1g6Lwc,螳臂擋車
IwvXz,不可名狀
1oB4ej,陽關大道
1grqdB,言不及義
1k903y,逆我者亡
18yUDO,禮賢下士
LLH1d,分身無術
1cSoey,脫韁之馬
PQ9o7,妖言惑眾
IJCdo,三思後行
1tnna1,默默無言
170XTW,白面書生
1eyxlf,葬身魚腹
J2oxd,不測風雲
JU4h2,似笑非笑
1792k5,破格錄用
UyjoC,損人害己
SvFvt,心心相通
SNQuY,恃才傲物
16NcSh,知彼知己
OPwpi,大廈將傾
Jk94u,不肖子孫
1cjz7i,聲譽鵲起
144cN5,玄之又玄
Iyn2u,不可言喻
1fy0c3,血債纍纍
1arx5A,縱橫天下
1lEKcj,金聲玉振
18kOLP,秉筆直書
1kVg88,遺老遺少
VMQDb,敬業樂群
K73G8,人面桃花
SHIrU,心比天高
113gAE,洋洋大觀
15mNQh,瓊漿玉液
SU5M2,惟命是從
136sgr,無所不至
10k6od,氣息奄奄
JrEPS,以此類推
1kHa16,逝者如斯
IFg8U,不尷不尬
MG9lX,吹糠見米
1kqrKV,遲暮之年
WoAel,明知故問
IQDvO,一望無邊
UCxnK,扼腕長嘆
1de0WE,良莠不分
VnVh6,文人相輕
X1B96,曾經滄海
1mBdpA,鐵樹開花
13bksc,烈火烹油
12deNT,濃妝淡抹
L8Fjd,別有滋味
1gVyqD,衣香鬢影
JAE7z,下逐客令
OS9EP,大慈大悲
1n9zPw,門戶洞開
1capRz,興利除害
13pj9b,熔於一爐
163OAz,當耳邊風
Titto,情深似海
KuI0X,克己復禮
1rfyC8,鬚髮皆白
11QQyL,洩露天機
103j9q,毀家紓難
SoslF,心如死灰
1cYex3,若有所悟
IPsVf,不敢問津
ToHpE,心醉神迷
P4d8b,大權旁落
1085jn,正正經經
18RyaW,竭盡心力
1h0tV6,裡通外國
QlNKD,對天發誓
T2YbY,慌作一團
J1Vi4,一無所成
196RpW,積非成是
JP3zA,一點半點
1q1Njt,飲食男女
1cmUUl,能者多勞
1biK0E,翻手為雲
1lls3E,重溫舊夢
1qxSpI,驚詫莫名
1fnojr,虎落平陽
17c657,磨嘴皮子
162kli,當耳旁風
130h0V,濃蔭蔽日
QKfX3,嫁雞隨雞
1oJaxN,食古不化
IXhbP,仰人鼻息
17QybC,福星高照
176Wko,皓首窮經
YBtj5,此伏彼起
16o0io,直搗黃龍
1a5ubv,綠林好漢
QezUg,寂寂無聞
18eXAd,神色自若
1dQBTF,荒誕無稽
1lQpva,鉅細無遺
W4jI9,曉以大義
IOBPs,五味俱全
1gOzjS,語不驚人
1d47dp,良禽擇木
K7Wog,人非草木
RrgTO,巴山夜雨
1czKze,舉止大方
1l2MtD,酒池肉林
1koRzu,還我河山
154jpb,生吞活剝
Vy4I8,日上三竿
K4o7X,以身許國
UMxfL,抱薪救火
KNlhV,前俯後仰
QiNWj,小國寡民
1jOuIM,連中三元
1tfuLe,黃髮垂髫
XK29L,東風浩蕩
1nisQu,長歌當哭
17hIHS,神乎其技
1oxOk2,順我者昌
1niDKR,長江天塹
X4BI3,杳無蹤跡
JpjUN,人為刀俎
VU0nq,晨光熹微
1bGjri,聖殿騎士
ITdMd,令人噴飯
YvHQC,棋高一著
VRAgx,文武之道
VTYaj,文治武功
10pKjl,氣數已盡
1p6y8r,青面獠牙
NaAaK,呆頭呆腦
JYKJM,修橋補路
10UIAt,殺身成仁
1oEiLW,食不知味
15fEu3,甘心情願
1c6cMG,罷黜百家
WG2Bh,朝朝暮暮
VYHM9,明心見性
PE0C3,好色之徒
QBX4p,尋根究底
LHW1a,冥頑不靈
Mfcwu,博聞強記
IIwO7,一往直前
14tHfH,猖獗一時
1dnxm7,自高自大
1clRu2,船堅炮利
NSTsq,嘉言懿行
1jA2vx,輕徭薄賦
WoxxN,明眸皓齒
1cc2OK,興味索然
Olvjs,噴雲吐霧
11aMMW,海晏河清
QTAOV,山水相連
JMgp5,一鱗半爪
Ksczg,兒女親家
V79kx,抱頭大哭
IQWLU,不教而誅
J93nV,乾柴烈火
PTImp,天高地厚
1ruf8D,鮑魚之肆
TSGRM,懸樑刺股
1tCmSA,齊齊整整
1l85pG,遐邇聞名
12mKMi,清風明月
PgpQD,大發慈悲
LaqKj,內聖外王
KLdkT,兔死狐悲
1t0DoQ,龍生九子
PC3W3,天誅地滅
PCojG,多費口舌
18TV4L,秣馬厲兵
1kmcvU,遺患無窮
105Vco,歲月蹉跎
SYxa4,引車賣漿
1msfkq,鑄成大錯
P8oU6,姑妄聽之
ISu1t,亦可覆舟
IJdtt,不得善終
N4c61,和衣而臥
QPlxi,屁滾尿流
R7GnI,富貴榮華
JNQOy,修心養性
IqHBe,不仁不義
KpJmA,儀態萬千
1c9fDo,膽小如鼠
10yWks,沉心靜氣
1p59Rr,風流才子
137Mjw,無所用心
16jLuc,百無一用
16E2Tb,百花爭妍
QDVaH,寸步難移
12Kg84,無人之境
1prXvC,養癰成患
VqAuw,擊楫中流
1bo8Vd,老有所終
JvEAv,五福臨門
16N6DP,知恩報恩
IYVN2,人多嘴雜
1p6m36,風清氣爽
1qOgWO,驚魂不定
11BUis,沉魚落雁
1luljI,銘心刻骨
RVKyB,帝王將相
1eMU6z,虛應故事
Qo2Sh,學海無涯
1pj1Md,餓殍遍野
1oWhRd,雛鷹展翅
Oc5ud,圖窮匕見
14sf37,狼狽逃竄
12Qzg8,無名小輩
KHyVf,光榮歲月
1nUt9A,閒言閒語
17Blj2,秉公辦理
WC8Cp,月明星稀
PAxqD,多謀善斷
LaLq6,刨根究底
IR8Dc,一望而知
WTWu1,木牛流馬
IOvaM,一時之選
10708a,殷憂啟聖
1fOmll,血性男兒
108a24,氣味相投
1ngBKb,閉月羞花
1brBJd,胯下之辱
MAgoC,含笑九泉
1pzMKj,驚喜交加
10MwIm,永矢弗諼
13Q5e7,物換星移
R2CHa,安邦定國
MBBo9,喊冤叫屈
QGf6t,寧為玉碎
LiKvt,勢如水火
18Cc1S,積穀防饑
Uaquw,愁雲慘淡
J08lY,丹書鐵券
Vp2Uu,料事如神
Mij35,同氣連枝
1cYe1R,若有所失
LmsRB,其言也善
11HYJH,沒齒難忘
1q3xoe,飽食終日
141Pkf,無關宏旨
X9mCm,杯盤狼藉
Wnhiz,杞人之憂
1hBBf8,識文斷字
IF0kk,三山五嶽
Jc7ad,人才難得
1hUXJN,講經說法
1bwnN5,耳根清淨
14Ah05,玉樹瓊枝
M50kH,切齒痛恨
PIYlL,子丑寅卯
RbW3d,客隨主便
LSsKq,參差錯落
1lq3ls,鉤心鬥角
JaNqK,不知就裡
11sDMO,添枝加葉
OLJw6,天外飛來
OYox2,奇技淫巧
K0FhA,倒果為因
17flcs,砍瓜切菜
VmTT5,文人學士
Tbn3H,惺惺作態
10Gto5,泰山北斗
Vwubo,改惡從善
JKCt2,仗義疏財
1jFeS5,轉彎抹角
SYDya,怒火衝天
X1zYA,有約在先
1kiS3W,躍馬揚鞭
1cBgMs,舉步艱難
1mXyKP,長夜漫漫
P3fSm,威信掃地
XbQ1q,曲裡拐彎
PfEy3,夸父逐日
1jsKAJ,踏破鐵鞋
VlyeY,捨身求法
Rodxq,專門利人
XzJQr,枉費心機
1ejjXR,薄情寡義
1l8K6f,遙遙相對
1dBbsc,蓋世英雄
TnSgi,得隴望蜀
1oCPFl,食不下嚥
10o6WH,江山易改
KVDVf,利害攸關
11zEqt,沒頭蒼蠅
UjdM2,捨命救人
TLkD9,扶危救困
L5PDh,刀槍劍戟
PQJVA,大頭小尾
19yUxz,絕口不談
NWGoM,在此一舉
15xJfY,當斷不斷
TrSi3,成事不足
TaneP,忠肝義膽
1oLirz,靜若處子
1jFyXG,身無長物
UlGAq,成群結夥
1fFfIo,衝口而出
WJVMd,暗箭傷人
Jrdfi,不藥而癒
X4ywa,杳無蹤影
15W56c,目不忍睹
SpQMY,得意之筆
PljSk,始於足下
11MAY3,海角天涯
UTjDD,招蜂引蝶
SYcnh,恩斷義絕
Jw6FM,不識抬舉
LnWRR,力有未逮
1nJpTq,離奇古怪
144yMM,片甲不留
Jaowe,不知凡幾
11lf4P,清廉正直
11ffwp,油腔滑調
JslVW,一觸即潰
1k7hok,邪不勝正
1a2NUv,糟糠之妻
13ue1b,熬更守夜
WReG5,桃之夭夭
11Vgpq,源源而來
1246de,濟世救人
Pg8kF,娓娓動聽
IAeDM,一天一地
1oGXiF,頭昏目眩
1dut0Q,莫此為甚
1gt54N,親如手足
190oQp,空話連篇
15Vkpc,百孔千瘡
N96dI,唇紅齒白
1j3CBJ,買賣公平
102Wln,水中撈月
JBWca,以直報怨
1grWI0,言人人殊
1hSsKC,謬種流傳
1fyeer,藝高膽大
LSUXy,名垂千古
IuiHX,七十二行
LkGVt,十二金釵
PrwWS,如痴如狂
112b08,海底撈針
10eFbd,沁人肺腑
1c7EQu,自命清高
IKk8A,一手包攬
1kMxN2,酒後失言
INnC7,人之將死
1hjL7j,覬覦之心
VK1xW,明升暗降
O0ykc,國無寧日
1iKbqx,賊眉鼠眼
1791pd,相輔而行
JpeY8,不落窠臼
16vJYW,相沿成習
JroRt,人為財死
WE3cM,春花秋月
Wa23J,擇鄰而居
XQEpE,松鶴延年
R4Ijk,官逼民反
105drv,求仁得仁
1c5OpR,臨危授命
IoUOk,一人之下
OIK4l,好事之徒
17MspW,神機妙算
193cdv,筋疲力竭
1oFEN0,雲譎波詭
14r33F,獨斷獨行
1aADAB,綾羅綢緞
14zhKK,班師回朝
11NEyF,渺無音訊
1i7fqc,說長道短
183kBM,秋水伊人
KuIX5,側目而視
Kxvs9,光復舊物
10mCUN,水性楊花
1aX3jI,罪惡滔天
1pYDaU,魂不附體
1fYE5L,行有餘力
XzhFA,東跑西顛
M4nmI,包羅萬有
120Cp8,海闊天高
1bTt5h,胡服騎射
IWNmc,以其昏昏
QrGPI,居大不易
IClt5,三妻四妾
LPYzJ,參差不一
1cBBHm,肥頭大耳
PfEoo,夸父追日
12S59e,無可諱言
JcAzY,不知輕重
1tcnJC,鼎足而立
17Hpr8,碧空萬里
QpA1w,寧折不彎
Y2K8j,樂天知命
Jbj8N,不知死活
WcXiF,月下老人
1aYJ62,繡花枕頭
15IqTH,男盜女娼
WnmsQ,敬謝不敏
1gr0Rg,視如珍寶
SNgbV,廢話連篇
1dlOC7,萬古流芳
P8BxA,好整以暇
Jb9Ms,不知有漢
1aOASX,結髮夫妻
107paw,歸根結蒂
LPsKL,劍膽琴心
WJdXb,束手待斃
MKUol,另請高明
10aHxi,水可載舟
1nzpg3,難以理喻
181RHb,窮且益堅
OOFAJ,大將風度
LsIK1,匹夫之勇
1eDwyn,蓬蓽生輝
WUNyK,明鏡高懸
1daQhE,自輕自賤
1itfMe,赤地千里
17RTVh,移山填海
13oW0W,爭前恐後
KWnL7,前堵後追
UjNIy,拆東補西
190AVe,空谷幽蘭
SsMdi,徹底澄清
1gjSHl,視同兒戲
148lG5,燦若繁星
K2HxN,乘龍快婿
W0xix,日月如梭
QYSjM,宵衣旰食
19c9iy,穿鑿附會
SdKYm,形容憔悴
18lP90,竹報平安
NGcfr,坐地分贓
160Co7,百廢待舉
XADVw,東郭先生
1ns7KO,開物成務
WbQw8,敬老尊賢
IwpTv,不名一文
Yr1sG,極而言之
R3Hh4,宛轉悠揚
M3gp0,同心戮力
LhSVT,力所不逮
1k3ORn,躬行實踐
LfhES,割據一方
1jx1Fm,身歷其境
OOc9f,奉天承運
QiRQt,定於一尊
16WP1w,看菜吃飯
JbUrg,不矜細行
1dNj9i,花香鳥語
VOCSl,放火燒山
L1Oj3,分文不值
1pzXrL,飽經風雨
1aDsmf,紅顏薄命
1fA4Jw,衣不解帶
Jz9VJ,不足為訓
1kP0ig,過而能改
Q1Wlj,宏圖大志
1nWoUm,雨打風吹
1gOXRV,視為兒戲
QqD5d,小康之家
VS1OJ,明媒正娶
KNBdj,前倨後恭
X2s6A,春風浩蕩
Q1XOL,宏圖大略
IVGie,令人齒冷
K2mfx,低聲細語
UCrlE,所見略同
LztyC,千山萬壑
TigG6,感慨系之
IqwDP,一個半個
1kbV5N,躬逢其盛
S6vuY,強姦民意
1oYnpv,養家活口
OzqYe,四面受敵
MAkFa,千門萬戶
14JLJ0,物阜民豐
JADga,人窮志短
Wt9Uq,星移斗轉
KiBeM,兵不厭詐
JlOMw,來去無蹤
11BrB0,混淆黑白
JGU3q,借古諷今
Vh35d,支吾其詞
Q7avN,嫁狗隨狗
KloFr,光可鑑人
1n3GpW,長幼尊卑
JBr0M,不辨真偽
OKhrL,地靈人傑
PIBKM,始終不懈
R49OO,家貧如洗
1gQlUp,街頭巷議
1t4zcy,龍盤虎踞
177i4c,盡釋前嫌
1rvdGd,鳥為食亡
VgSxD,敗事有餘
QSomV,富而好禮
140iDC,狼奔豕突
IyG5I,不吝賜教
15hbEB,瓊樓玉宇
1o6KlB,長風破浪
KOMJS,俯首聽命
15QUtz,當眾出醜
10rFg5,求才若渴
19kIUN,粥少僧多
1nNjLx,雙宿雙飛
1re95L,鮮衣怒馬
17C9bb,福壽雙全
YExKT,死乞白賴
1pcG1F,非驢非馬
1oHb04,額手稱慶
1kAQzb,述而不作
YOqRk,每下愈況
Qj0xO,寬宏大度
13uDKH,物傷其類
1kESE7,迴腸蕩氣
WVgwH,有眼無珠
10bn42,決一勝負
Sy6jj,彼此彼此
1gocWw,行而不遠
SDTjb,彈盡援絕
Sn36p,年老色衰
17YzrK,祛病延年
17Uozo,碧血丹心
1eyuI5,萬頭攢動
1hQKGB,認賊作父
Tagsv,惟我獨尊
KA2hX,其實難副
1iWiHk,走為上策
JbkL3,一碧萬頃
OVGuc,天打雷劈
WDg4f,月朗星稀
1gAVgu,袒胸露背
1jkgUV,身心交瘁
IDlk8,不如歸去
W6GAT,明月清風
10cLDA,比手畫腳
1nI6f1,雀屏中選
1kezUh,遊必有方
1iKMaz,買空賣空
1gOAuv,裊裊婷婷
VF2L6,料峭春寒
1mm0VD,錦繡江山
TfRGk,感恩圖報
Rbfdg,孤魂野鬼
QJC9W,山搖地動
LdBTj,加官進爵
14dXxs,率土之濱
SD2or,必有我師
WJPon,束手無措
RiU3p,尋蹤覓跡
1mIjcD,錚錚鐵漢
1bSWJp,膾不厭細
18wkJw,筆墨官司
19ttOf,絕代佳人
1bCmxg,聰明睿智
1pIka8,高不可及
1o1Y5B,隔牆有耳
13F1D4,爭強鬥狠
P6GMG,天涯咫尺
Kg8uN,先入之見
LEhi3,半懂不懂
LQ3DF,吳下阿蒙
WK36X,斜風細雨
LBEVr,厚古薄今
U6t3o,應答如流
IPha8,一曝十寒
M2HIc,同心共濟
1gORYv,蠶食鯨吞
WF11v,月朗風清
Wec1N,有來無回
15YU3x,百川歸海
136teP,無所不通
1l3lTg,遠親近鄰
WhLJK,有勇無謀
MfcBJ,博聞強識
TFDk3,惠而不費
X2lXI,杳無人煙
YUTAo,正心誠意
VCaXg,掰開揉碎
TRowR,慎終如始
1oWj7J,雞鳴犬吠
JulGs,一語破的
10SruS,河清海晏
SqoKD,徘徊觀望
LJPXu,冰雪聰明
1fAl8y,虎踞龍盤
ILXGQ,世態人情
17Vod8,破門而出
TSskq,成敗蕭何
Xu3l0,書香人家
J3Pow,不為瓦全
RAxYF,幕天席地
VCd2z,敢想敢說
16dlxh,百業蕭條
1rjnlV,鬱鬱蒼蒼
11283n,海底撈月
OWJ5q,好學不倦
Ql3kP,尊姓大名
WWb3t,暮色蒼茫
JtcJS,俯仰之間
StksR,忠孝兩全
1r8QCL,魚貫而行
Q1Yc5,奴顏婢膝
157CG9,琴瑟和諧
YMD8z,樸素無華
1onblo,顛來倒去
1nxrV3,隱名埋姓
K1t6Y,假手於人
LIzk9,半新不舊
1l7E0S,遙遙在望
1mpwbR,鑿壁偷光
1kfpu4,車載斗量
1aJi1h,美人遲暮
U9oSd,抱打不平
JxsmK,事緩則圓
19fX4N,精力過人
12RBYE,無可置喙
NwmJH,地利人和
1fAe5H,蟾宮折桂
1hGTqx,談笑自如
LInfX,冰雪嚴寒
SMV8B,心灰意懶
JhHHt,以戰養戰
UgeWR,愣頭愣腦
YQsWQ,歲寒三友
Jto5F,一言為定
NPCQK,四海昇平
1nxD26,難乎其難
15CcW8,環肥燕瘦
Kw6Gn,傳為笑談
RCVUS,山長水遠
STAkv,怪模怪樣
18bqvf,立功贖罪
1bRBVk,能掐會算
X1PpV,是非得失
VqldF,撒潑打滾
1l2H4o,進退有度
145smt,狗拿耗子
Jz79J,不足為憑
IO6a5,一日不見
N1BDu,名震一時
18oYUw,立德立言
WMtmo,暗箭難防
IGrsq,不容置喙
K1NVT,以豐補歉
1iR8Ua,豁達大度
SCLet,年逾不惑
IV5yX,令人起敬
MFyeO,君臣佐使
LA13b,八面威風
17Acbr,福壽康寧
LSsGk,功臣自居
X5At3,有聞必錄
1sD85d,黯然銷魂
Sixmk,形影相弔
1bEBtA,股掌之上
YWl7c,止戈為武
16wEjy,瞎子摸魚
KA0BB,公平正直
V3oyU,投鞭斷流
13vPY8,煢煢孑立
OCSrH,堂皇富麗
WXMfh,昏頭昏腦
JQxV3,倚強凌弱
So3LD,急不及待
J0mzT,人多手雜
WEQsj,旁逸斜出
1k7HM2,逞強好勝
LXvvy,呼之即來
PMkdO,夜闌人靜
19Cfr5,純屬騙局
IUgvl,以人為鑑
1awH2r,繞樑三日
NYNJO,垂手可得
1l8AM2,酣然入夢
1hmvW0,言者諄諄
1j1Xay,貪財好色
KHvSC,八方支持
J3OP1,上無片瓦
RILyh,山高水遠
QmppJ,子為父隱
13GRQR,狗仗人勢
UemNz,慎重其事
1jmWqG,軍容風紀
1tnmuU,默默無聲
JC0MS,不過爾爾
12jrRp,渾身是膽
MpLjG,古稀之年
R36pS,寸草春暉
1cjIio,腦滿腸肥
157GH4,畫中有詩
1cbNan,肝腦塗地
VlNbk,挨門逐戶
Jjlz3,人模狗樣
Xg2yy,枯瘦如柴
1oaOU1,雲消霧散
X1oLW,朝秦暮楚
LnHAj,區區小事
OPWra,大巧若拙
18tTWQ,立於不敗
1baYnv,羽扇綸巾
VBfS7,敢怒敢言
TYLQw,慢聲細語
Wx3oU,時移勢易
XxfkE,柔腸寸斷
J1YOM,一無所長
1cBviJ,舉止言談
Qtia9,尺寸之功
1hDnvp,見龍卸甲
1bHRhK,罪該萬死
11gSE7,沾花惹草
VRDJq,文武全才
1o3GzF,雖死猶生
13N4Up,無補於事
IvWHC,一唱三歎
1dLi50,草蛇灰線
IvwNG,不入虎穴
15GIFM,用盡心機
NxAtT,地動山搖
WWUaS,東歪西倒
XhwqP,杏花春雨
ShEhD,彈指之間
W7Wlg,敏而好學
19HHxS,細微末節
109Npw,母慈子孝
LaYMS,別樹一幟
1nrKSv,長生不死
PCf8b,好聲好氣
JcIe0,一箭之遙
18b4sb,禍福相依
12KtNy,烈士暮年
WvgTA,有恥且格
ShH0M,心口如一
1df13O,萬世師表
1ejeX8,萬語千言
PfLJ6,奉為至寶
1hoUA5,誨淫誨盜
Jawaw,不相為謀
11qpY1,浮生若夢
LNLsE,吉凶禍福
N2AFd,名韁利鎖
LU91q,前車可鑑
JaRLv,五方雜處
LyagL,十字街口
11zSmf,混混沌沌
10VjFv,泛泛之交
Ovo4l,多不勝數
ISfYl,交口讚譽
1p7Svh,顧盼生輝
1qVjly,魚肉鄉里
14XMG5,狂風惡浪
13WYNW,父為子隱
10Ta89,流年似水
Wofne,春生夏長
1ona6j,音容宛在
1oWjtA,雞鳴狗吠
UhBDv,才疏學淺
1nGthv,防民之口
INNFG,人世滄桑
KIhC8,別來無恙
10HMC1,波平浪靜
1nrK7F,鐘鳴鼎食
KeoKj,來處不易
1nnQcW,鐵面無情
1jSNuN,逼人太甚
14TkLf,瓜分豆剖
1juLpD,赤身露體
1icYYh,賣國求榮
14fv6z,狂濤巨浪
Q6LH0,安家樂業
VuQd3,改弦易張
1aDjfq,置之死地
KqEon,低頭哈腰
Uiv1s,手疾眼快
16uaOz,相機而動
15YvrQ,百年之好
RxDer,山鄉巨變
XzV09,有鳳來儀
SOL7O,心無罣礙
1hGWhe,談笑自若
Qmt8P,寓意深長
Qyk6A,嫉賢妒能
XWWvp,樓台亭閣
1pKMza,養虎遺患
1rtrm1,鵲巢鳩佔
1lEe9N,鋤強扶弱
J7bre,乘機而入
12kIOB,滿目青山
1gG0te,詩中有畫
K58Pz,債多不愁
J5OVj,一男半女
12EYfC,為善最樂
111qKh,深信不疑
1bm0h7,老於世故
171xjn,白雲蒼狗
1jHP3D,轉戰千里
Iv1YK,丁叮噹當
1bte7x,胸中塊壘
12lKkm,清靜無為
W04Wi,旭日初升
Whfo5,春滿人間
1nJpAH,陰曹地府
INbc9,人事不知
U5iuB,扶搖而上
1jWmaY,辯才無礙
10Jc2a,海不揚波
13F8BG,焚膏繼晷
1d0q7P,莊周夢蝶
YhnY8,極目遠望
PJOD8,存乎一心
16gWJ5,相形失色
N2tON,名門閨秀
LyeXm,十字街頭
SBCtO,忸怩作態
1h0SBl,調和陰陽
16Nb63,知情不舉
151XcP,用兵如神
1nNfDv,霄壤之別
1oRTaq,雷霆一擊
JGTQ0,偏信則暗
1pmmCu,響遏行雲
1hcpkC,觀者如雲
16Ea2a,百花生日
IwwXm,不分軒輊
Uwdkz,我見猶憐
MjCza,即興之作
132lyf,焉得虎子
1878pH,積年累月
1bCpko,義結金蘭
1bRbzi,翩若驚鴻
KiK74,兄友弟恭
OSQxn,如喪考妣
LIKmh,博拉爾德
LzERv,兩面夾攻
WFgXH,敲骨吸髓
105xg4,橫行天下
QAEOW,尋根問底
1aX5k4,罪惡深重
WiV7s,有口無心
10kbe7,正直無私
Sln4w,年老力衰
11HXms,流言飛語
NQyse,問鼎中原
16CXth,百般折磨
KP6V8,出將入相
1nKIW4,開花結實
IsNnO,一則以喜
K4sVT,以身試險
Lsf78,公道合理
1k674B,送往迎來
1fzYBx,血口噴人
1gKjG4,袞袞諸公
1eeuXr,落草為寇
1qWaJK,鳳凰于飛
X1eYd,是非之心
1oILqt,離鄉別井
MFCnv,口蜜腹劍
1khiKG,避實擊虛
Jds0y,七竅生煙
1o34J1,雕欄玉砌
LYL6R,君子一言
1og9Um,青枝綠葉
1gVvd8,說千道萬
Wnlig,明眸善睞
1phoKl,首尾兩端
1hV6vj,財不露白
UkySP,披沙揀金
1fDp4Q,衣冠禽獸
J06bd,人壽年豐
16s7fe,略高一籌
1064yd,水光山色
Pwkiw,姦淫擄掠
Lut9N,六道輪迴
XywzR,柳綠花紅
10flmT,永垂青史
1ckMNK,自愧弗如
KRpQx,刀山火海
M5oVU,刻骨仇恨
16mcWj,畸重畸輕
1itFHw,足不出門
JamTx,不知其可
UNFQU,搖尾乞憐
J2AJm,一片冰心
183ziM,積小成大
YEXjt,死不足惜
J16fl,人多眼雜
S3jhi,弄巧反拙
LLgkH,初試鋒芒
Oy6Q6,大仁大義
16KHNQ,短小精幹
1axSWi,綠肥紅瘦
ONGh0,夫子自道
MpGmo,哭天抹淚
1406pt,煞費心機
1iWjI0,走為上計
1d4bwM,莫可奈何
18VBdf,籠中之鳥
10dKDD,決一雌雄
10RO52,民胞物與
Q9Ubj,小人得志
1mi9S1,鐵壁銅牆
18dE6r,窮奢極侈
UITqp,揚幡招魂
176PDM,碩大無朋
152BVC,狗頭軍師
17BxFx,神思恍惚
ShzfC,徐娘半老
1i7ljI,貴在知心
1quOD5,駑馬十駕
JtuKE,佶屈聱牙
J0QTq,以古為鏡
RPhEm,引以為恥
1taASe,鼎足之勢
184n5V,稱心滿意
Isgqn,不值一哂
1fufIB,藏頭露尾
1dnIEO,芬芳馥郁
LI5Tq,危急存亡
17Q4le,私心雜念
16MjPd,百讀不厭
JIDWf,借坡下驢
KqPkk,兒女情長
1a6LfU,篡黨奪權
1dH4bX,草草收兵
OQuvt,太平盛世
QeHOB,將功贖罪
LQhFx,刁鑽古怪
NGzVO,四方八面
JvKxk,不識好歹
SpRi5,得意之色
Lk9r2,十二萬分
XlKaM,棄如敝屣
12mKw2,火上添油
16A0gf,相煎何急
10NfW6,洞察秋毫
Lid2i,兩虎相爭
WvlaG,本小利薄
S7Pat,彌天大禍
17JxzT,稍勝一籌
MGnun,喃喃細語
YL3i1,殘兵敗將
TQAHW,悠遊自在
OE0yV,大吹大擂
1pPOXc,風雲變色
MomLA,只知其一
1kHzam,送舊迎新
11TahQ,漫天開價
1fBl2d,蜚短流長
1cdMtj,聚訟紛紜
J2Dq9,一物不知
11lfCn,深惡痛疾
1q6GUK,餐風露宿
ICE4K,一孔之見
QP0zm,屢次三番
PCbJN,大謬不然
1iagrb,貪小失大
16OLlD,百足之蟲
1jHonJ,輕於鴻毛
VuHkS,於今為烈
JbG5g,丟盔卸甲
1nJi2E,雍容典雅
KKNMi,六根清淨
135hsa,無從置喙
VB2cp,排難解紛
1hrllR,詩禮傳家
1nRDbR,非分之想
1qtSty,駐顏有術
165lO9,白手興家
QhdXb,寬大為懷
16gIX4,白浪滔天
J5uN2,以夷制夷
SnPIR,後悔不及
XnS9C,曉風殘月
1kRuQd,金口玉言
1cpjji,脈脈含情
14WUlS,甘之若飴
17hPzp,神不守舍
Otuaz,士別三日
USOeV,戴高帽子
1l09J3,醜態畢露
QTrAO,崛地而起
Qoxhc,少安毋躁
11lOGS,涕淚交加
XnLQQ,森嚴壁壘
Jz7nw,不足為據
16p0Qg,百病叢生
OdWnj,坦然自若
1kFhBY,酒囊飯袋
165pgg,相反相成
1c09Eo,聰穎過人
SB8wi,急如星火
Pevu4,婦人之仁
OwaOX,夜不成寐
VsGi0,新來乍到
1fWnFc,血染沙場
IYsIX,不求聞達
J7h76,不生不滅
JoymN,不蔓不枝
LGCA3,史不絕書
VVG8N,撒豆成兵
1clhCo,脈絡分明
QF6VE,峨冠博帶
INgyB,一抔黃土
116Bl1,殺雞駭猴
1p9WUe,首善之地
1pxY6i,飽經憂患
1cLSfg,臉紅耳赤
10pIGR,法不阿貴
WHjmC,期期艾艾
1aYUo1,縮衣節食
1kjivw,輕裝簡從
UEA5b,所費不貲
18mm1u,積毀銷骨
NHO7j,唾面自乾
11gHX0,浩浩湯湯
167qHY,真偽莫辨
183mAe,福無雙至
14eJl2,猜拳行令
J3sPi,不無小補
LTSgB,勇者不懼
1oshuq,青燈黃卷
QofcR,官樣文章
1jI3Oa,轉憂為喜
SNs53,心焦如焚
ISIYh,一枕黃粱
1gtCfk,言之諄諄
1k7oK5,逢山開道
T5wpq,意在言外
RsW1L,寶馬香車
1kdP4F,追根求源
1mfpen,鐵嘴鋼牙
KGG2A,借貸無門
W3lE0,放縱不羈
JPSgA,倏忽之間
1mWUDm,開國元老
1cymah,苦不聊生
N235v,命裡注定
Jc3Rc,一笑一顰
13piWG,爾俸爾祿
1i7U6n,賣兒賣女
MurNS,千金不換
IEkVt,三宮六院
1kP8Me,金剛怒目
1oSwmT,餘味無窮
WAJSU,文采風流
16eFbn,眾口相傳
JWAwr,五里霧中
1bOJLR,老羞成怒
OxgtC,天不作美
18fLbB,窮家富路
13ALIa,犯上作亂
16vGeT,知人論世
Wnisp,數見不鮮
1hfPcN,言笑晏晏
1qxpvE,骨肉至親
Wu561,整軍經武
OIxpg,壽山福海
P7SNn,天清氣朗
TRJ1L,拒人千里
1bilWd,繩鋸木斷
URmYv,打鐵趁熱
1cQEiH,艱深晦澀
T1tDg,恆河沙數
VVW0x,旁枝末節
1o2jmt,面如死灰
JCOvb,不避艱險
Mgpou,南船北馬
QatgV,少不經事
142lfS,無隙可乘
1lnIDX,酒肉朋友
1o6muw,閉門讀書
IMc5X,三拳兩腳
1hW23X,諄諄善誘
J95QF,以守為攻
146o4f,狼心狗肺
1l5tD3,過路財神
1nKn9A,霞光萬道
W9p55,明槍易躲
1pcxMN,馳名天下
WKWvF,智者千慮
1nEc8B,離合悲歡
J4u0h,亦復如是
1ggWta,見利思義
13RbWQ,父母之邦
1ethUJ,萬里長征
1df4sc,萬事勝意
1g3G66,血淚斑斑
KgLrx,何足掛齒
17CD39,稀世之寶
1il3hn,議論紛紜
VS33f,日思夜盼
1l45jy,進道若退
1kkJIz,遷怒於人
S0Ub0,廣徵博引
1iurDq,豺狼虎豹
1605ap,百廢俱興
LIz7f,半文半白
Vkdhc,掎角之勢
L7Umj,別有天地
1pMSgT,驚慌失色
OYfLX,大有可觀
1h5Mb0,要而言之
U8G4w,惻隱之心
YQL0s,櫛比鱗次
103CMI,歲月不居
12XvBJ,無始無終
P5Aqp,夾槍帶棒
WaSP3,曲不離口
W6qDL,曠世奇才
SmKEL,從容自在
1qbYk9,香車寶馬
QlOhV,寓情於景
13Vsvr,狗屁不通
Y4c6S,棄舊圖新
10pbXY,殺父之仇
IX3nQ,令出必行
11etjv,深宅大院
TXzHi,憑空捏造
1jwMvM,趑趄不前
Oc3q6,四肢百骸
1d42NW,莫可名狀
UNcpM,截長補短
15rHqn,痛入骨髓
KLevL,兔死狗烹
MbiCS,哀兵必勝
IUDbB,仰之彌高
1d6TFu,苦海無邊
R6YVl,富貴在天
KKxsb,別出新意
10vc8v,毫無所知
TeolO,形銷骨立
IO4Qf,一日三省
JAFFa,位極人臣
1cTBqL,荒唐無稽
1o9jBs,雪泥鴻爪
QCMrc,存而不論
1cyOvx,臨渴掘井
15szut,生死不渝
1dyWe6,莫測高深
XBWAj,東遊西逛
1lr8LK,酒色財氣
QVomX,尋章摘句
1o5g0J,開門揖盜
VHTNT,文房四寶
1oXYJE,風月無邊
Q38so,寢不安席
1abJVE,紛紛攘攘
KlBhp,再三再四
10IkTB,死記硬背
SmNFk,從容自若
Q4tol,安如泰山
SqnJO,志大才疏
10nfsv,油光可鑑
WHQXG,斬關奪隘
1cYjJO,若明若暗
16kvUT,瞞上欺下
SWyoU,愧不敢當
12kn5o,清閒自在
L0OcB,劍及履及
1m7kwU,金馬碧雞
15ocj0,甚於防川
1ibt6C,豪放不羈
J7TLu,人情世態
Lti4T,冷血動物
OgOWI,囊螢映雪
OPWx1,大得人心
IuyOT,一口一聲
JdSQg,下筆千言
1jkt8u,賊頭賊腦
1q69Cr,餘音繚繞
IIS7c,一往而深
S7Pz5,彌天大罪
1pJ4AV,顯露頭角
11CnsF,沉鬱頓挫
Muuow,千金一諾
13yTTr,爭妍鬥豔
OFpro,大喊大叫
UfEFg,拉拉雜雜
Q1mq4,密不通風
Jd29p,交杯換盞
12wLUn,為人作嫁
1p70PG,風流雲散
P8Jcy,姑妄言之
IMkKG,予取予奪
125O6b,滴水成河
10jJFS,江天一色
10o3Dy,油光水滑
1ecc49,萬萬千千
1fHqtB,蛇蠍心腸
W1M9B,日月經天
1cuFui,臨機應變
YBbQ2,步人後塵
19YqLn,索然寡味
PhVEW,大發議論
1eMVyp,薪盡火傳
16t2J3,異香撲鼻
UThtF,撫今思昔
KuOGp,兵多將廣
1aW78S,老之將至
JumqY,俯仰無愧
1gwzL2,言出法隨
RsfJb,巫山雲雨
Lw8yg,再造之恩
OySf1,大中至正
OOLb3,天差地遠
14kffD,獨往獨來
1hinL9,說東道西
YNb4H,殺伐決斷
KUV7A,兵無常勢
INHyJ,不揣冒昧
19wMYM,筆酣墨飽
WP06V,東搖西擺
IGvsc,不容置辯
YHsEh,樂而不淫
16dAQp,百歲之後
1hhndo,誓死不屈
1cnL5l,能者為師
UpgeK,挨打受罵
1gJAMM,視死如生
163xYP,生財之道
11PXfH,浪跡江湖
XBVQq,東遊西蕩
IYJgp,不測之憂
Lv1zf,加油添醋
14OBpb,牛高馬大
U2m7K,愛財如命
19fhX6,立身行事
19Tkn1,管鮑之交
KrrNl,入地無門
SQxVf,恩怨分明
M3Skt,和光同塵
1qy6EP,骨肉離散
LQz0m,出門在外
1pkQ9L,頓足捶胸
SCkfW,必有一失
1fd2R7,蝨多不癢
16us7S,相機行事
ORhAW,好善樂施
1ifgsV,賓客如雲
K7NOV,來者可追
UIIdh,搖唇鼓舌
MJ2Jp,含英咀華
LT49j,勒索敲詐
1cnMc2,自我陶醉
13BeMg,煉石補天
QodCx,安步當車
VPkoK,晝伏夜行
1qx01U,骨肉相殘
QPpKG,對症之藥
1cloQ3,自我吹噓
1c4Ktp,自出機杼
JnYsR,來回來去
16Fmod,瞬息之間
QemgM,密密層層
1hcBgG,誘敵深入
1olA0K,雙管獵槍
18W6Ev,程門立雪
1oFub3,風土人情
INryg,人之常情
XLuiH,杜鵑啼血
1pKv7G,餓虎撲食
1daQy6,舊調重彈
LYiVI,周公吐哺
MUW5v,名重一時
1jMGLU,載沉載浮
12Kg2v,無人之地
1enHL1,蓬生麻中
Q82Y1,富商大賈
1hWG7a,豎子成名
JcWFv,一筆抹殺
1cHgQ6,膏腴之地
1l3XPa,道路以目
14oQET,獨排眾議
Ukzxw,推三推四
1c8zzw,胸無點墨
1gRpMT,誤入歧途
UtRiH,捨己為公
16RCbz,瘦骨如柴
P8TDK,妙手偶得
1p7OQm,顧盼生姿
WxIOX,放馬後炮
LWf64,卓然不群
1hl0n8,諸惡莫作
Jhg85,人棄我取
12Iqgm,濃眉大眼
OUs1c,外方內圓
WEB0h,杳如黃鶴
1kNkVN,酒後無德
WlsLo,斷線風箏
M1MPT,十目所視
1dmP4i,芝蘭之室
Mtqew,吹牛拍馬
14cvaU,犖犖大者
1mx0j5,鑽心刺骨
12Q8tt,無可名狀
IvbSL,三十六行
1suNGA,鼎新革故
Qur9x,小戶人家
QjEFU,尖嘴猴腮
OWb8t,大放光明
177nzr,碎屍萬段
136qor,無所不曉
1h0y3z,謂予不信
K4vhk,人間天上
1inf8f,賣弄風騷
13d3Tf,焚林而獵
VlGgU,捨身為國
146Ccp,無風起浪
1dlhle,茫無頭緒
JJQM7,五行八作
1pzBpT,風行草偃
1l9jK6,適逢其會
OG0vk,奇光異彩
164ijz,瓦釜雷鳴
WoB1m,敗軍之將
1eeIod,落落大方
OztGG,外剛內柔
171PBo,直認不諱
TwWSs,急赤白臉
16t27v,眾怒難犯
16oGiL,白璧無瑕
Y5Bts,棄若敝屣
JGjom,仁義之師
LYhYb,名山勝水
16D1XJ,白色恐怖
X0b3x,昏頭轉向
16dMid,瘡痍滿目
1sVsiW,龍潭虎穴
1oClb6,順時而動
15U9G6,皇天后土
1pDxHp,香火不絕
10U6d4,沐猴而冠
1ofBuL,露水夫妻
MleN9,功高震主
10GTRF,江河行地
Qsfvs,山南海北
122vHa,滄海遺珠
11EveW,油頭粉面
UM9yV,拈花微笑
K7pby,人面獸心
TT85J,抽刀斷水
NFopM,嘻皮笑臉
XfGAe,梅妻鶴子
1nAL2F,雲中白鶴
PoRig,婆娑起舞
J7cDS,人心大快
UbIiR,捉刀代筆
RdaxJ,屏聲靜氣
1gBqWX,表裡一致
11fDW0,深山幽谷
13qgyQ,焚琴煮鶴
17WDH1,稗官野史
VTotz,斷斷續續
1dlH8U,花花世界
ICPow,上天無路
TGOA4,惡聲惡氣
IKg0m,不情之請
11aeId,流水無情
1dKjC6,萬死不辭
JyPO4,下車伊始
1ngzqu,長樂未央
11VRYt,流離顛沛
JD3AF,不違農時
1kFsBv,遊目騁懷
1sALYu,黯然傷神
UxePd,揚名四海
OBg9a,天兵天將
J7U0w,人情之常
1lbrFF,過門不入
L9y3Q,創巨痛深
1irJOE,超凡入聖
TQJzQ,成敗利鈍
WK4HY,東征西討
LlaAI,千依百順
1kd11W,追根問底
1gcThd,血盆大口
JAsTh,串親訪友
NeRD7,囊中取物
1bhw1a,聳入雲霄
1kaz8e,進德修業
16nJjp,盤根問底
M04cp,君子固窮
1ksq2i,過河卒子
Tmyuv,忍辱偷生
XnlLq,有進無退
Lf0pG,八萬四千
1gMj2x,衣錦夜行
J9nif,人心難測
1nTVvz,非同兒戲
J7FeQ,以子之矛
PQR84,大題小做
WfXvK,敬若神明
PdmY0,如椽之筆
1c0L7l,罪魁禍首
Un3Vz,掛冠求去
MBRB3,千難萬苦
Qv2Be,小手小腳
LwPt8,千姿萬態
1qrvaU,鯨吞蠶食
Jt3bP,一誤再誤
14EA7U,玉潔冰清
1gQjQw,視為知己
UcM60,挈婦將雛
Jv2B3,不見經傳
IOthE,一擲百萬
1oERSq,風吹雲散
KuMwg,克己慎行
NfRaX,喟然長嘆
1fyQY3,蚍蜉撼樹
16YEfs,知止不殆
1dkW64,芙蓉出水
1jHb6j,轉悲為喜
ORgno,大張聲勢
Vvb7S,斷井頹垣
1ovN0K,風中之燭
PzCuY,多言多語
1isQVR,賣文為生
1bwoQk,耳朵起繭
10E56W,民生在勤
11oXkh,沒輕沒重
UG9Lc,持盈保泰
12m54i,清風兩袖
OWJO4,大放悲聲
1gKc27,視民如傷
NH8qa,四時八節
Ql8AX,威風掃地
IOql3,一時三刻
1kGzik,遲疑不定
OP9ro,夢幻泡影
TI2h4,慨然應允
1gsG0K,言之無文
IOGj3,人來客往
TgD0w,形隻影單
1exFVb,虎口逃生
1pvg0N,驕兵必敗
18vozh,窮極無聊
1p8ljJ,顧盼自雄
IYPzk,以古喻今
198EXb,窺豹一斑
KWzTf,傳誦一時
OvMmd,地覆天翻
JvN5m,不識大體
11bxv8,治絲益棼
16zPbl,知命之年
QkMsa,居功厥偉
UTEtS,指腹為婚
161omd,由衷之言
1aD7MK,絕路逢生
15bbda,甘居人後
19MOqQ,終成泡影
IWM1a,令出如山
1c1wiH,臨事而懼
MuXNH,呵欠連天
1fRtHI,行成於思
1sUV6d,鸞鳳和鳴
OGGbn,大嚷大叫
LHj3K,口出不遜
Jxdiy,一蹴可幾
1q9pXw,驚疑不定
108nWo,氣喘如牛
1gsTHR,計上心頭
SqPyY,形格勢禁
1oAEeH,險遭不測
1kcCpS,連戰皆捷
LJ8mq,吉人天相
13NwnJ,犁庭掃穴
R3eeB,安邦治國
18yB2y,立業成家
18L6sd,穿紅著綠
1ceMQo,肆虐橫行
12pPGW,激昂慷慨
1pfG6H,鞍馬勞頓
Vlaqm,捨身成仁
13FF8F,爽心悅目
MsgdG,取精用宏
J0QVg,以古為鑑
TurKw,慷慨赴義
IGiTJ,中外合璧
16z0lt,目無尊長
JEARO,假仁假義
1hfX8B,規行矩步
11T3yV,漫天遍野
MUkaf,同軸電纜
16xhIg,眼明心亮
18g7KO,窮山僻壤
16kbKk,瞠乎其後
1s5LPE,麻姑獻壽
PWlb7,奇風異俗
SExLY,悔之莫及
J1VYQ,一無所求
1kaUBP,載舟覆舟
114AS9,民貴君輕
1l9ulM,選賢舉能
IQwSU,仇人相見
ILUCp,事出無奈
QyNn1,小時了了
W9E8F,星星點點
1r0mf9,骨鯁在喉
MyCNH,和氣致祥
192gPS,空谷足音
W1UY9,文理不通
Q3ATu,孺子可教
NVzcO,坐擁書城
OTNGN,如坐春風
JCDj6,亂臣賊子
WRhsa,未為不可
M6hpS,千秋萬世
1pjMVx,頭角崢嶸
JzamX,不足為道
1ibCRD,謬誤百出
IV9y7,七步成詩
1krnAb,迎神賽會
1alD7y,絲竹管弦
120oQe,清華東門
U513j,懷璧其罪
PebY5,天理昭昭
19zUhh,紆尊降貴
IIUeu,不徐不疾
1blSVx,羽毛豐滿
1rYzmC,黃口小兒
1cylCW,臨深履薄
1fvOop,行不更名
10MKLC,水碧山青
VPMiA,易地而處
10iVNr,殘渣餘孽
15pTjd,留戀不捨
1nzEvd,開科取士
12iFAF,漫無止境
TMvEG,意義深長
1c5KPT,臧否人物
KeQdS,倉皇失措
13q16O,牛之一毛
RBWt9,履險如夷
1pIBMb,食言而肥
TxGiv,成千成萬
109lBQ,歷歷可見
1dm3P1,花花型警
10P3eI,求神問卜
VPhW9,操縱自如
107MFS,求其友聲
1bDbfy,老王賣瓜
10AcC6,殫精竭力
Jb1qF,不知所言
1nA9YA,零亂不堪
LHCvo,反哺之情
IQLe5,三朋四友
Q0x2W,奔騰澎湃
Od3dG,塞北江南
176V4g,目迷五色
WE34s,有案可稽
UVtXL,挖肉補瘡
Lod5J,切磋琢磨
KS9df,出師有名
1qdLJo,饕餮之徒
PLM77,夾道歡呼
SOQQO,年高德劭
10IoiO,江漢朝宗
1jUwdX,逐句逐字
1hc1Yr,觀者云集
JFK5h,一隅之地
1hcl1k,觀者如堵
K3IIq,五馬分屍
1l4fNK,釜底之魚
VKddq,旦夕之間
OXRcl,好學深思
Yv0fi,欺人之談
1l0s4W,進身之階
JuhFJ,五短身材
V0MTD,揚清抑濁
KG97u,刀光血影
JIh2L,以管窺豹
1dlzhM,荒淫無道
15PlDy,甕聲甕氣
W5LQj,擒賊擒王
Iyp2h,不可言狀
KcFBa,亢龍有悔
SAU6p,怨天怨地
1cH0iq,自由氾濫
12OHHX,無功受祿
VKap9,放浪不羈
1rDxrK,鵝毛大雪
10wOcx,毫無遜色
1pyN2D,風行水上
1r4DkH,高頭講章
12jwz6,滿目琳瑯
JsdfC,一言中的
L194w,出於意外
1j1rtq,貧賤不移
TM05U,慨當以慷
17ILFC,礎潤而雨
LWTWl,名士風流
V6kRA,抑鬱寡歡
MRhAL,去頭去尾
1bi80X,聽其自然
1c1AoP,膚如凝脂
16CY3W,百花凋零
1t8Jwy,黃鐘毀棄
X2nVs,杳無人跡
163YSp,百折不屈
LA1mo,千峰萬壑
J6Obu,三申五令
UfKP8,憂讒畏譏
1edwp9,落花有意
Jyu2T,信口胡謅
1hy193,見風轉舵
Lu4OQ,免開尊口
PELoO,夫貴妻榮
PLTDG,存亡續絕
J5YfQ,一瓣心香
1k5AJP,躊躇不決
164aCC,百折千回
JT7v8,乘隙而入
1oqV0f,面無人色
1o2nwl,青山不老
1sDziG,黑白混淆
R8XWk,富貴逼人
LK1qh,口含天憲
WFe5t,李廣難封
LzYg8,博學多聞
17ASA0,知足不辱
1rikN8,鬼頭鬼腦
LlMjW,初生之犢
IUmBA,仰不愧天
N8MrS,吳頭楚尾
LvzYQ,半壁河山
IIdTK,不差毫釐
149OPx,犀牛望月
WoV9A,杯中之物
X3pvn,杳無消息
RgI7y,寵辱皆忘
1cdHOp,興國安邦
MONe2,含血噴人
14LMii,牛頭馬面
1paxno,馬前潑水
1h7poB,誠心正意
TXDuM,拳不離手
11XPAs,淪落風塵
WmHOF,明白如話
TSy7l,才德兼備
16c6De,田連阡陌
PdmAG,天理人情
160n1a,百弊叢生
LEWSE,可乘之隙
1elKKi,萬貫家財
SJMU0,恩威並重
14E37v,玉液瓊漿
1kIFpn,遲疑觀望
OHfAt,夙夜匪懈
15Cgo8,畫棟雕樑
QBPj6,寂然無聲
18q30J,笨嘴拙舌
JcEi7,一箭之地
YQTus,欲揚先抑
MaHQk,吉日良辰
WEmnz,朗朗乾坤
1bWY7L,肉眼凡胎
11ftx0,求過於供
1opEwz,青燈古佛
1llrQu,銅壺滴漏
10vyWY,泥古不化
Ttnuu,慷慨激揚
TYDFI,憑空臆造
1grFX3,裝潢門面
1el3lv,薄技在身
15W6ld,目不忍視
IrpeH,上不著天
JIa2F,不關痛癢
1aDHiG,罰不當罪
1h6syW,談天論地
LYVjt,名實相副
Vq9wc,攻子之盾
IH6w9,不差上下
1niV5i,關心民瘼
16UQwH,睥睨一切
YOVa3,母以子貴
1atvdD,經緯萬端
TnqWg,懲一儆百
PlG75,夢筆生花
11PEOr,滿山滿谷
1dpMdX,草率從事
KvlnR,其奈我何
1lkYYd,酒綠燈紅
WmQRW,月圓花好
17DDiM,知遇之恩
15SheD,略窺一斑
Pyxch,奇花異卉
Q6k9f,好騎者墮
RfWVo,左右兩難
J72xN,人心叵測
IIH7G,三心兩意
J7jeA,九死不悔
1pjwLI,飛珠濺玉
KCJpM,出乖露醜
TJn5M,懷憂喪志
PeyxV,天王老子
OP5aP,大度包容
1bLkbu,翩翩公子
SWzPe,心神恍惚
IYQQF,人多口雜
RYRtN,廬山真面
1snMdw,鼻孔朝天
IIoIO,一悲一喜
1ljTfj,避難就易
123Yz4,活龍活現
Wm466,暈暈沉沉
1gTYyK,解民倒懸
Jc1kY,不知肉味
PfLK1,女流之輩
O3XrK,報仇雪恥
1bAUCe,羊腸小徑
1rzUYd,鳥盡弓藏
PMrvA,如見其人
Quz3x,小懲大誡
1oJs31,飽以老拳
JhnCz,不繫之舟
Yrcde,權傾天下
X3iv2,未竟之志
UtM6H,手腳乾淨
IP9UA,不改其樂
Pt2lz,大肆鋪張
Lq8rx,刻畫入微
WNcHK,東扯西拉
Wvfsf,曲意迎合
IHKPD,不平之鳴
IEvXm,三寸之舌
1nrtlJ,鐵馬金戈
12GaRW,灑掃應對
1pduD0,馮唐易老
1cA4yv,肉食者鄙
1inHRh,識途老馬
VyTiU,日久彌新
OIjDF,天堂地獄
K2XOo,僕僕風塵
11QRk9,漫天叫價
1mNgbP,鐵畫銀鉤
NRK63,啼飢號寒
1rlLos,魯難未已
11lIS7,涕泗橫流
1pmG9L,饒有風趣
W25FJ,日暮途窮
1j7Gj5,負重致遠
TaeOa,徒託空言
WVH6a,月白風清
JVBzj,付諸一笑
LmwvE,光輝奪目
1bJfpe,聲氣相通
1l6z3u,追風逐日
VvJme,教導有方
1cvLaG,苟且偷安
16ibzv,相忍為國
Yq4HW,梟首示眾
JraPq,久聞大名
NCYHv,國富民安
1pNXqn,駭浪驚濤
WDAwX,月暈而風
N6kMG,吟風弄月
1oDbuO,雪裡送炭
OJuSn,如之奈何
1dkzQG,茫然若失
1bNOkX,翩翩風度
M0sLb,半生半熟
IMP56,五勞七傷
XsHu1,杯觥交錯
1bXu3L,耿耿忠心
Oxga8,天不假年
WeY2e,整舊如新
XqAz9,東藏西躲
1mVjCY,開合自如
IJ5Jk,不得其詳
1oCrYD,風刀霜劍
1ckHwt,膠柱鼓瑟
1taSdP,龍精虎猛
Svbao,性命交關
MDgSa,半飢半飽
Iwv2M,不可勝計
OHElg,大地春回
10SlbU,民膏民脂
1cLQl1,臉紅耳熱
1r33Gl,鬼話連篇
TCvDV,惟精惟一
SFTqi,恍如夢境
1khLgx,遷客騷人
Jm2v6,人歡馬叫
Qj0cp,威震天下
MhiFS,吐氣揚眉
Myq7c,卑鄙齷齪
Sv1NA,心急如火
1tspMf,鼻青眼腫
Ke8er,你言我語
Iof6g,一丘一壑
1aYwln,老僧入定
Q96O2,官官相衛
L5DUe,勇冠三軍
Ky4UQ,信賞必罰
Tv2uX,憎愛分明
Ju3DB,一言興邦
X8vwp,桂子飄香
J0ySf,以勤補拙
1nRvz5,離情別緒
JGJUL,七零八散
ReUdG,市井無賴
T171o,悠悠蕩蕩
1l8Vxa,量才錄用
JKCY0,不露鋒芒
QtWcx,宦海浮沉
11rMiW,清新俊逸
1cMekq,英姿煥發
1hJkt8,話裡帶刺
XtchA,有隙可乘
14QfJ0,玲瓏小巧
1p6ao6,風清月朗
WL9jW,月滿則虧
16GUgi,百萬雄兵
1crppg,舉措失當
YXNWq,民不畏死
10gQTN,殘湯剩飯
11NAXz,洪鐘大呂
PpyGq,好生之德
JxYkn,不貪為寶
MU9we,喘息未定
Iwg4Q,一命歸西
K1hAW,假戲成真
IS3wm,不服水土
MyTW4,博采眾議
YjoAw,樂業安居
1lHXLS,酒醉飯飽
R6GVQ,富貴不淫
Q8FvO,宜室宜家
1hgNLV,言簡意深
RxGqJ,干卿何事
1oBmNn,陳陳相因
1bh5QF,縮頭縮腦
TkyH6,慌張失措
UJbwT,打躬作揖
1ohPX9,面有菜色
Yb7kE,桑間濮上
VG3iW,文情並茂
JL28p,偶一為之
SBvqe,心旌搖曳
RPhK1,引以為憾
Qdecr,將功折罪
144fat,片瓦不留
1igk6T,費心勞神
Iq1ih,丈二和尚
U2nj9,扇枕溫衾
1e8OJ2,藏之名山
14RpxJ,王祥臥冰
XydKL,柔腸百轉
SmCyr,從寬發落
IHwb3,二人同心
1oaL5J,音信杳無
18uJFJ,等因奉此
15Qij4,生而知之
WkicQ,明珠暗投
ILv6M,不忍釋卷
17XC2B,秋月春風
PeVub,奉為楷模
1q0Fuu,香草美人
YXuH3,殿堂樓閣
JyFoF,一路貨色
1pbqvr,食洋不化
XPN1d,樂以忘憂
NCjPe,因循苟且
1mexwW,金鼓齊鳴
Nw4kI,囂張一時
15dTWP,男女老幼
Nin2b,嚶其鳴矣
18ySTb,神閒氣定
KmsbD,允執厥中
14hB71,狂濤駭浪
XjDVS,有負眾望
YM7xi,橫眉怒目
PP9jV,孤兒寡婦
10BIYU,武藝超群
Vn6jF,搬石砸腳
It6jy,三元及第
16pHRv,相時而動
TfpBf,慎始敬終
OxMwz,大人先生
IHdyl,亂世英雄
Xj4fg,有財有勢
1twag3,齊驅並進
NBTDX,嚴於律已
17yJE1,福地洞天
QqAY7,尋幽探勝
13hpkM,烽火四起
Lz1dq,光風霽月
1sqmrY,齊家治國
IT9JF,亡國之音
1ngPHw,關山阻隔
Lq2nz,千古罪人
WVY68,昂頭挺胸
Y1B8Y,榆木疙瘩
Kq8ip,兒女之情
QiyNG,孟母擇鄰
1q6OJU,餐風飲露
13Tu5x,無蹤無影
INcjp,人五人六
LItvf,剜肉補瘡
12mMYX,清風朗月
1l14BP,逸趣橫生
L0bJy,出敵不意
SGGmS,怙惡不悛
WVe4C,朝生暮死
QzMq7,將本求利
JcxRH,以心傳心
LBIiw,千年萬載
OY6rz,大有其人
Vt682,摧眉折腰
MDdGl,單人匹馬
1jbXQm,身在江湖
10tXAP,治國安民
M9EP6,味如嚼蠟
10KcR7,求生不得
11lQwD,涕淚交流
LN5Cg,吉凶未卜
IFLF5,不孚眾望
LokMm,千古不朽
ULwQP,拈花一笑
17x463,神完氣足
1j5f3n,賄賂公行
LpBzg,卻之不恭
W7O7U,星月交輝
1b8Fht,聊備一格
Ma8WS,各有所短
NN5mf,喜逐顏開
1kE57R,過目成誦
13VNAu,無邊無垠
W1l4r,日月無光
LLMPh,凌雲之志
Mfxor,哀哀父母
1bLH1V,腳不點地
11bnka,求賢如渴
14cuOz,犖犖大端
1n8sEU,門戶之爭
ICBQY,一字之師
Q4UBH,安如磐石
1nulmC,降尊紆貴
LDKRw,南征北討
1by29X,羊續懸魚
12uPNg,滿臉春風
19sBRE,絕世佳人
1paAB7,顛簸不破
SoA93,急人之困
138jWb,為淵驅魚
16f2Te,白沙在涅
TUB5O,才情橫溢
18trUX,竭忠盡智
14IW7z,牆頭馬上
16Alen,相煎太急
KSuJq,出師無名
1aWpRr,縱虎歸山
IxMJB,不咎既往
Q3Mjj,存心不良
11n18O,浴火鳳凰
10RmFf,毀譽不一
1dCm7x,萬應靈藥
1qW7Re,鳳凰來儀
Ldq0P,傻頭傻腦
S2rpO,年深月久
SACel,張皇失措
1cgLeF,臥床不起
16mCDP,眾寡懸殊
1gLgTz,言必有據
JKxpp,不顧死活
RM85D,山鳴谷應
OgQl8,國而忘家
1rhqSw,鬱鬱不樂
JxeW8,一身二任
15vDu0,瓜瓞綿綿
LbipN,勝友如雲
XNKax,桃花流水
XklLo,枝節橫生
Vgyuq,撫掌大笑
10DqgH,殘花敗柳
VrYFq,探賾索隱
1hTv2M,詩酒風流
12dAFj,濟困扶危
17Cjkq,知足知止
10JUVG,永生永世
1cRk0E,苦心積慮
123OSm,濟世安邦
1j1SvS,超然獨立
RpUBM,將門虎子
191qbD,竹籬茅舍
1c7f8o,臭名昭彰
19fDyd,粉妝玉砌
1sg6Cr,鳶飛魚躍
145rbW,片瓦無存
XvKcQ,案牘勞形
14tCwt,片言隻字
IJ9CG,丰姿綽約
X3UON,春風雨露
KQxkA,光焰萬丈
18lLGM,筆下生花
1itQYf,豺狼當道
Ll0cG,別無長物
OIzB5,塗炭生靈
Iwb2k,不厭其詳
JOvfG,丹青妙手
MVX1x,叨陪末座
YRhIM,步履艱辛
14Vker,犬馬之勞
11yNsB,沒頭沒臉
1dnbFk,萬古長存
1mOCko,間不容髮
10c0L9,氣壯如牛
LAUb4,十年生聚
UOrVX,損己利人
1lhNdH,道骨仙風
UMeCh,推本溯源
1deXIi,萬事亨通
1c3ThV,腹心之疾
WMMIr,東成西就
1sMP9D,齊煙九點
MYICT,告貸無門
IKPNg,二八年華
1hew6e,諸子百家
1qDmuS,騎馬找馬
11K6Y4,滿坑滿谷
PxRWL,如簧之舌
VUzck,擦脂抹粉
1on5u2,陌路相逢
PNtou,如訴如泣
K50cW,傾城傾國
JcCPg,不知進退
1455O8,無頭無尾
QDi5m,將欲取之
1jc0aB,賣身投靠
Jq0Pt,不虞之譽
19fDhM,粉妝玉琢
11E6yA,浩若煙海
1po6sd,騷人墨客
Iv2Ek,不分敵我
J1pLO,一無可取
TXYcr,扶弱抑強
IQpNB,丹心碧血
1hCm8L,言近旨遠
LbPpD,傲霜斗雪
QcyQy,子曰詩云
U2xGk,抑強扶弱
1nAp4o,難以逆料
JedPL,不立文字
U9p8k,愛錢如命
IpmNA,三三五五
17Bd0w,神工鬼斧
18RqNk,秋風落葉
1dCihT,萬應靈丹
Q0YY4,孜孜矻矻
VqfMN,挫骨揚灰
KeLT1,信筆塗鴉
17R1uk,神清氣和
10zzL5,沉思默想
JvYJP,個中三昧
Lw0Vu,光陰虛度
Lw900,厚今薄古
Lu07r,匹夫無罪
11nive,洪福齊天
1mf1ai,銘記不忘
10VnNS,泛泛之談
1kksoM,輕諾寡信
1bCnfX,群而不黨
15Uvvh,百媚千嬌
11b2Q7,淡妝濃抹
1eeMYG,落落寡合
1dlvYD,荒淫無恥
SCFqt,悔之不及
Luxqx,兵連禍結
1cKKzq,舊瓶新酒
1pBEpj,驚喜若狂
1dY9iN,萬目睽睽
1791jX,相逢恨晚
IJd5P,井井有序
WeRmC,朝乾夕惕
POXbK,天隨人願
1d0mlf,興致索然
OEtkF,多嘴多舌
WddmR,曠古未有
1q3Ol9,飲馬長江
1bQVeW,群起傚尤
LE9kB,判若霄壤
VQAL7,救災恤患
1g8BWF,蟻穴潰堤
18m7FU,窮愁潦倒
18kF8p,窮形盡相
19cTXR,箭無虛發
IqwxK,不亢不卑
Lzl5y,前程萬里
LN5NE,名利兼收
109j8s,歷歷可數
JytXC,信口胡言
18I3CJ,空空道人
1aEA7U,罵不絕口
JnW0H,仇深似海
1gXmqh,褒衣博帶
1av6eG,綱紀廢弛
TkSvE,應付裕如
1pw1X8,食而不化
K2Du3,以身報國
1mGK3v,錚錚有聲
PCygR,如聞其聲
VbS7f,招降納叛
OQm2d,堅苦卓絕
QSIL2,居無求安
Txz8k,應對如流
114fAA,殺雞嚇猴
OBddd,天公地道
1daJCs,舉賢任能
12Lp7g,無事生事
1oJHcb,順水順風
ICQ2q,一字千鈞
Je9CV,乘熱打鐵
1jgm0t,超群出眾
MuJxc,取義成仁
18geq9,穩操勝算
Iq5i8,一代楷模
18jGEj,福至心靈
1jQI9u,送君千里
PUpx3,安內攘外
JhP2R,你唱我和
13R0hM,燕瘦環肥
Om2YG,報應不爽
M4rHp,呢喃細語
18heKd,窮寇莫追
1i6J7m,貪天之功
14l5G2,現世現報
IpVQL,不世之功
UvvtE,手胼足胝
JcX4b,一筆抹煞
YIPjf,歡呼雷動
IE1Qb,七尺之軀
IxVXA,不可終日
14XMFC,狂風怒號
LSYir,叢山峻嶺
1nLLue,隱惡揚善
11b6QG,流水行雲
17Sr0R,秀才造反
1fN42y,行己有恥
Me9TY,劈風斬浪
JeTkQ,佳偶天成
1ighre,費心勞力
KDuOO,出入人罪
14Kdcn,琴心劍膽
IWnWb,不欺暗室
SKBkD,後生小子
WVco5,曲突徙薪
1o85cQ,雨淋日曬
1oSwB5,韋編三絕
10NOPr,沉滓泛起
1hARYd,訥言敏行
Kh9BC,何足為奇
Muwqz,唸唸不捨
1aYeRA,耐人咀嚼
L97Es,出沒無常
PXS2k,家人父子
Jy7Qf,一身是膽
IRUAB,付之流水
1dD9iF,落拓不羈
LFux4,勃然變色
PKMYW,奔走呼號
MXhly,反驕破滿
1qvQCU,骨肉團圓
Mv9IH,北門鎖鑰
J7sfI,人心惟危
11qbKf,淺斟低唱
OQi0H,大張撻伐
1cAHmP,與民更始
17aJ5Y,眼觀四路
1kOQui,逸興遄飛
JlKse,仁民愛物
15gebb,疲乏不堪
123MmP,濟世安民
108foY,殘暴不仁
1gOzHL,裊裊娜娜
KCV3B,傾盆大雨
1oFwvI,面紅耳熱
Jqreq,久經風霜
IKYqJ,七折八扣
15b1uu,獨運匠心
10vfq6,水月觀音
1bBf8T,羚羊掛角
16v1Yi,百端待舉
J8GWw,仙山瓊閣
16mAds,眼尖手快
LFbA1,削職為民
IMPac,人中之龍
1p5EMA,風流瀟灑
SyeI5,康莊大道
LIKuD,半新半舊
IsVmT,世代書香
11FroR,沒齒不忘
N2WU5,咸與維新
KifGz,何足道哉
16Kly1,白衣秀士
S2mbf,弦外之意
Xf5Ay,梨園子弟
1fR7OK,補偏救弊
1p4KQ0,青雲之志
15zD6r,珍饈美饌
1nRGcb,非分之財
JjKVx,來勢兇猛
17kbOu,看風使舵
14aepD,牽牛織女
1jOW2H,近在眉睫
KYVwF,冷水澆頭
1pPfp1,驚才絕豔
OeeTO,堯天舜日
ItY4X,一切眾生
1d713b,至親骨肉
17jCJ6,破玩意兒
V1g1N,揚清激濁
YzlHX,橫槊賦詩
PF1tn,如花似錦
172A2V,白首偕老
1d3bl7,良知良能
1jPDkR,輪流做莊
OH5iP,天地不容
Kzy1d,八府巡按
LmpeV,公諸同好
1oJ86B,順水行舟
1tckEM,鼎足而三
ViO74,改名易姓
1fUjzA,裡勾外連
SfVKc,平等互惠
1bTNX7,胸有丘壑
1etAIj,萬里鵬程
KWJ8T,力不能支
SF1fD,怒形於色
KdTcd,優勝劣敗
1hX7Y0,貽人口實
1kd5yi,達官顯宦
1af18h,粗通文墨
PaKxa,如是我聞
1aAUc7,綠葉成蔭
Rfq4F,小試鋒芒
TXLex,患難相恤
WoAVT,改過遷善
1pzRrj,驚喜交集
JaqEk,不知其詳
UlXxr,授受不親
1bJ6Ik,翻箱倒篋
Q1v04,如隔三秋
IwdQL,不古不今
VgDPk,攻其無備
J7Opy,不甘後人
1bASmk,聰明一世
1bfUfL,老弱殘兵
UpeTF,挨打受氣
JQ2cU,依法炮製
1c9k9I,習非成是
PfaNs,天理良心
Ts8nn,成事在人
L3vg1,功名富貴
J8mDP,一畫開天
TKic3,慶父不死
10vzyD,水月鏡花
M7s3L,吳帶當風
INji7,七擒七縱
MwuBs,勾魂攝魄
1khwqj,連日連夜
11zQki,漁人之利
J78AG,三男四女
Q9D2Q,如鳥獸散
IFlFF,不安於室
TwJVH,悔罪自新
PEXAg,如芒刺背
X1VS7,日麗風和
PLR8J,存亡絕續
1gIfXR,見機而作
